-- phpMyAdmin SQL Dump
-- version 4.9.1
-- https://www.phpmyadmin.net/
--
-- Host: localhost
-- Generation Time: Jul 27, 2021 at 08:23 PM
-- Server version: 8.0.17
-- PHP Version: 7.3.10

SET SQL_MODE = "NO_AUTO_VALUE_ON_ZERO";
SET AUTOCOMMIT = 0;
START TRANSACTION;
SET time_zone = "+00:00";


/*!40101 SET @OLD_CHARACTER_SET_CLIENT=@@CHARACTER_SET_CLIENT */;
/*!40101 SET @OLD_CHARACTER_SET_RESULTS=@@CHARACTER_SET_RESULTS */;
/*!40101 SET @OLD_COLLATION_CONNECTION=@@COLLATION_CONNECTION */;
/*!40101 SET NAMES utf8mb4 */;

--
-- Database: `gp-final`
--

-- --------------------------------------------------------

--
-- Table structure for table `announce`
--

CREATE TABLE `announce` (
  `id` int(11) NOT NULL,
  `course_id` varchar(100) NOT NULL,
  `body` text NOT NULL,
  `date` datetime NOT NULL
) ENGINE=InnoDB DEFAULT CHARSET=utf8mb4 COLLATE=utf8mb4_0900_ai_ci;

--
-- Dumping data for table `announce`
--

INSERT INTO `announce` (`id`, `course_id`, `body`, `date`) VALUES
(22, 'IS215', 'Tomorrow there will be a quiz on topics covered last lecture', '2021-07-27 19:10:17'),
(23, 'IS215', 'Tomorrow the quiz is cancelled', '2021-07-27 19:10:32'),
(24, 'IS215', 'Tomorrow the lecture is cancelled', '2021-07-27 19:10:54');

-- --------------------------------------------------------

--
-- Table structure for table `answers`
--

CREATE TABLE `answers` (
  `id` int(11) NOT NULL,
  `indicator` varchar(2) DEFAULT NULL,
  `content` text NOT NULL,
  `question_id` int(11) NOT NULL
) ENGINE=InnoDB DEFAULT CHARSET=utf8mb4 COLLATE=utf8mb4_0900_ai_ci;

--
-- Dumping data for table `answers`
--

INSERT INTO `answers` (`id`, `indicator`, `content`, `question_id`) VALUES
(10, NULL, 'ahmed', 5),
(11, NULL, 'mohamed', 5),
(12, NULL, 'ahmed', 6),
(13, NULL, 'mohamed', 6),
(14, NULL, '22', 7),
(15, NULL, '25', 7),
(16, NULL, 'ahmed', 8),
(17, NULL, 'mohamed', 8),
(18, NULL, '22', 9),
(19, NULL, '25', 9),
(574, 'a', 'ahmed', 34),
(575, 'b', 'mohamed', 34),
(576, 'a', 'ahmed', 35),
(577, 'b', 'mohamed', 35),
(578, 'a', 'ahmed', 36),
(579, 'b', 'mohamed', 36),
(581, 'a', 'mohamed', 37),
(584, 'a', 'ahmed', 39),
(585, 'b', 'mohamed', 39),
(586, 'a', 'ahmed', 40),
(587, 'b', 'mohamed', 40),
(588, 'a', 'ahmed', 41),
(589, 'b', 'mohamed', 41),
(590, 'a', 'aywa', 42),
(591, 'b', 'mohamed', 42),
(592, 'a', 'ahmed', 43),
(593, 'b', 'mohamed', 43),
(594, 'a', 'ahmed', 44),
(595, 'b', 'mohamed', 44),
(596, 'a', 'ahmed', 45),
(597, 'b', 'mohamed', 45),
(598, 'a', 'ahmed', 46),
(599, 'b', 'mohamed', 46),
(600, 'a', 'ahmed', 47),
(601, 'b', 'mohamed', 47),
(602, 'a', 'ahmed', 48),
(603, 'b', 'mohamed', 48),
(604, 'a', 'ahmed', 49),
(605, 'b', 'mohamed', 49),
(606, 'a', 'ahmed', 50),
(607, 'b', 'mohamed', 50),
(608, 'a', 'ahmed', 51),
(609, 'b', 'mohamed', 51),
(610, 'a', 'ahmed', 52),
(611, 'b', 'mohamed', 52),
(612, 'a', '', 33),
(613, 'a', 'ahmed', 53),
(614, 'b', 'mohamed', 53),
(615, 'c', 'ahmed', 53),
(616, 'd', 'sameh', 53),
(617, 'a', '22', 54),
(618, 'b', '25', 54),
(619, 'a', 'ahmed', 55),
(620, 'b', 'mohamed', 55),
(621, 'c', 'ahmed', 55),
(622, 'd', 'sameh', 55),
(623, 'a', '22', 56),
(624, 'b', '25', 56),
(637, 'a', 'ahmed', 38),
(638, 'b', 'mohamed', 38),
(639, 'c', 'ali', 38),
(640, 'd', 'mohamed', 38),
(641, 'a', 'ahmed', 58),
(642, 'b', 'mohamed', 58),
(643, 'a', 'ahmed', 59),
(644, 'b', 'mohamed', 59),
(645, 'a', 'multiple linear regression model is not a good forecasting method for the data.', 60),
(646, 'b', 'None of the above', 60),
(647, 'c', 'Y = a + bX is not a good forecasting method.', 60),
(648, 'd', 'Y = a + bX is a good forecasting method.', 60),
(649, 'e', 'a multiple linear regression model is a good forecasting method for the data.', 60),
(650, 'a', 'It is also called the coefficient of correlation.', 61),
(651, 'b', 'It represents the percent of variation in the error that is explained by Y.', 61),
(652, 'c', 'It is also called the coefficient of determination.', 61),
(653, 'd', 'It ranges in value from -1 to + 1.', 61),
(654, 'e', 'It represents the percent of variation in X that is explained by Y.', 61),
(655, 'a', 'It gives the percent of variation in the dependent variable that is explained by the independent variable.', 62),
(656, 'b', 'It has a value between -1 and +1.', 62),
(657, 'c', 'It provides very little information about the relationship between the regression variables.', 62),
(658, 'd', 'It is a plot of the independent and dependent variables', 62),
(659, 'e', 'It is a line chart of the independent and dependent variables', 62),
(660, 'a', 'multiple linear regression model is not a good forecasting method for the data.', 63),
(661, 'b', 'It has a value between -1 and +1.', 63),
(662, 'a', 'It is also called the coefficient of correlation.', 64),
(663, 'b', 'It represents the percent of variation in the error that is explained by Y.', 64),
(723, 'a', 'ahmed', 69),
(724, 'b', 'mohamed', 69),
(737, 'a', 'Relational Database', 70),
(738, 'b', 'Relational Database Merging System', 70),
(739, 'c', 'Relational Database Management System', 70),
(740, 'a', 'Merging', 71),
(741, 'b', 'Sorting', 71),
(742, 'c', 'Filtering', 71),
(743, 'a', 'One class may have many teachers', 72),
(744, 'b', 'One teacher can have many classes', 72),
(745, 'c', 'Many classes may have many teachers', 72),
(746, 'a', 'Datasheet View', 73),
(747, 'b', 'Design View', 73),
(748, 'c', 'All Of Above', 73),
(749, 'a', 'Parent', 74),
(750, 'b', 'Child', 74),
(751, 'a', 'Data definition', 75),
(752, 'b', 'Data refinement', 75),
(753, 'a', 'Form', 76),
(754, 'b', 'Query', 76),
(755, 'c', 'Macro', 76),
(756, 'd', 'Report', 76),
(757, 'a', 'Table', 77),
(758, 'b', 'Form', 77),
(759, 'c', 'Query', 77),
(760, 'a', 'Primary Key', 78),
(761, 'b', 'Key Record', 78),
(769, 'a', 'Ensure data entry', 81),
(770, 'b', 'Ensure data integrity', 81),
(771, 'a', 'Tuple', 82),
(772, 'b', 'Field', 82),
(773, 'c', 'Record', 82),
(774, 'a', 'Memo', 83),
(775, 'b', 'Number', 83),
(776, 'c', 'Date/Time', 83),
(777, 'a', 'Relationship', 84),
(778, 'b', 'Join', 84);

-- --------------------------------------------------------

--
-- Table structure for table `attendence`
--

CREATE TABLE `attendence` (
  `id` int(11) NOT NULL,
  `course_id` varchar(100) NOT NULL,
  `session_id` varchar(100) NOT NULL,
  `student_id` varchar(100) NOT NULL,
  `attended` int(11) NOT NULL
) ENGINE=InnoDB DEFAULT CHARSET=utf8mb4 COLLATE=utf8mb4_0900_ai_ci;

--
-- Dumping data for table `attendence`
--

INSERT INTO `attendence` (`id`, `course_id`, `session_id`, `student_id`, `attended`) VALUES
(609, 'IS215', '2021-02-05 21:15:059hgx22801', '20170001', 1),
(610, 'IS215', '2021-02-05 21:15:059hgx22801', '20170002', 0),
(611, 'IS215', '2021-02-05 21:15:059hgx22801', '20170003', 1),
(612, 'IS215', '2021-02-05 21:15:059hgx22801', '20170004', 0),
(613, 'IS215', '2021-02-05 21:15:059hgx22801', '20170005', 1),
(614, 'IS215', '2021-02-05 21:15:059hgx22801', '20170006', 0),
(615, 'IS215', '2021-02-05 21:15:059hgx22801', '20170007', 0),
(616, 'IS215', '2021-02-05 21:15:059hgx22801', '20170008', 0),
(617, 'IS215', '2021-02-05 21:15:059hgx22801', '20170009', 1),
(618, 'IS215', '2021-02-05 21:15:059hgx22801', '20170010', 1),
(619, 'IS215', '2021-02-05 21:15:059hgx22801', '20170011', 0),
(620, 'IS215', '2021-02-05 21:15:059hgx22801', '20170012', 0),
(621, 'IS215', '2021-02-05 21:15:059hgx22801', '20170013', 0),
(622, 'IS215', '2021-02-05 21:15:059hgx22801', '20170014', 0),
(623, 'IS215', '2021-02-05 21:15:059hgx22801', '20170015', 0),
(624, 'IS215', '2021-02-05 21:15:059hgx22801', '20170016', 1),
(625, 'IS215', '2021-02-05 21:15:059hgx22801', '20170017', 1),
(626, 'IS215', '2021-02-05 21:15:059hgx22801', '20170018', 1),
(627, 'IS215', '2021-02-05 21:15:059hgx22801', '20170019', 0),
(628, 'IS215', '2021-02-05 21:15:059hgx22801', '20170020', 1),
(629, 'IS215', '2021-02-05 21:15:059hgx22801', '20170021', 0),
(630, 'IS215', '2021-02-05 21:15:059hgx22801', '20170022', 1),
(631, 'IS215', '2021-02-05 21:15:059hgx22801', '20170023', 0),
(632, 'IS215', '2021-02-05 21:15:059hgx22801', '20170024', 0),
(633, 'IS215', '2021-02-05 21:15:059hgx22801', '20170025', 0),
(634, 'IS215', '2021-02-05 21:15:059hgx22801', '20170026', 1),
(635, 'IS215', '2021-02-05 21:15:059hgx22801', '20170027', 1),
(636, 'IS215', '2021-02-05 21:15:059hgx22801', '20170028', 1),
(637, 'IS215', '2021-02-05 21:15:059hgx22801', '20170029', 1),
(638, 'IS215', '2021-02-05 21:15:059hgx22801', '20170030', 1),
(639, 'IS215', '2021-02-05 21:15:059hgx22801', '20170031', 1),
(640, 'IS215', '2021-02-05 21:15:059hgx22801', '20170032', 0),
(641, 'IS215', '2021-02-05 21:15:059hgx22801', '20170033', 1),
(642, 'IS215', '2021-02-05 21:15:059hgx22801', '20170034', 0),
(643, 'IS215', '2021-02-05 21:15:059hgx22801', '20170035', 1),
(644, 'IS215', '2021-02-05 21:15:059hgx22801', '20170036', 0),
(645, 'IS215', '2021-02-05 21:15:059hgx22801', '20170037', 1),
(646, 'IS215', '2021-02-05 21:15:059hgx22801', '20170038', 1),
(647, 'IS215', '2021-02-05 21:15:059hgx22801', '20170039', 1),
(648, 'IS215', '2021-02-05 21:15:059hgx22801', '20170040', 1),
(649, 'IS215', '2021-02-05 21:15:059hgx22801', '20170041', 0),
(650, 'IS215', '2021-02-05 21:15:059hgx22801', '20170042', 0),
(651, 'IS215', '2021-02-05 21:15:059hgx22801', '20170043', 1),
(652, 'IS215', '2021-02-05 21:15:059hgx22801', '20170044', 1),
(653, 'IS215', '2021-02-05 21:15:059hgx22801', '20170045', 1),
(654, 'IS215', '2021-02-05 21:15:059hgx22801', '20170046', 1),
(655, 'IS215', '2021-02-05 21:15:059hgx22801', '20170047', 1),
(656, 'IS215', '2021-02-05 21:15:059hgx22801', '20170048', 1),
(657, 'IS215', '2021-02-05 21:15:059hgx22801', '20170049', 0),
(658, 'IS215', '2021-02-05 21:15:059hgx22801', '20170050', 1),
(659, 'IS215', '2021-02-05 21:15:059hgx22801', '20170051', 0),
(660, 'IS215', '2021-02-05 21:15:059hgx22801', '20170052', 0),
(661, 'IS215', '2021-02-05 21:15:059hgx22801', '20170053', 1),
(662, 'IS215', '2021-02-05 21:15:059hgx22801', '20170054', 1),
(663, 'IS215', '2021-02-05 21:15:059hgx22801', '20170055', 0),
(664, 'IS215', '2021-02-05 21:15:059hgx22801', '20170056', 0),
(665, 'IS215', '2021-02-05 21:15:059hgx22801', '20170057', 1),
(666, 'IS215', '2021-02-05 21:15:059hgx22801', '20170058', 0),
(667, 'IS215', '2021-02-05 21:15:059hgx22801', '20170059', 0),
(668, 'IS215', '2021-02-05 21:15:059hgx22801', '20170060', 1),
(669, 'IS215', '2021-02-05 21:15:059hgx22801', '20170061', 1),
(670, 'IS215', '2021-02-05 21:15:059hgx22801', '20170062', 0),
(671, 'IS215', '2021-02-05 21:15:059hgx22801', '20170063', 1),
(672, 'IS215', '2021-02-05 21:15:059hgx22801', '20170064', 1),
(673, 'IS215', '2021-02-05 21:15:059hgx22801', '20170065', 0),
(674, 'IS215', '2021-02-05 21:15:059hgx22801', '20170066', 1),
(675, 'IS215', '2021-02-05 21:15:059hgx22801', '20170067', 1),
(676, 'IS215', '2021-02-05 21:15:059hgx22801', '20170068', 1),
(677, 'IS215', '2021-02-05 21:15:059hgx22801', '20170069', 1),
(678, 'IS215', '2021-02-05 21:15:059hgx22801', '20170070', 0),
(679, 'IS215', '2021-02-05 21:15:059hgx22801', '20170071', 0),
(680, 'IS215', '2021-02-05 21:15:059hgx22801', '20170072', 0),
(681, 'IS215', '2021-02-05 21:15:059hgx22801', '20170073', 1),
(682, 'IS215', '2021-02-05 21:15:059hgx22801', '20170074', 1),
(683, 'IS215', '2021-02-05 21:15:059hgx22801', '20170075', 1),
(684, 'IS215', '2021-02-05 21:15:059hgx22801', '20170076', 1),
(685, 'IS215', '2021-02-05 21:15:059hgx22801', '20170077', 0),
(686, 'IS215', '2021-02-05 21:15:059hgx22801', '20170078', 0),
(687, 'IS215', '2021-02-05 21:15:059hgx22801', '20170079', 1),
(688, 'IS215', '2021-02-05 21:15:059hgx22801', '20170080', 0),
(689, 'IS215', '2021-02-05 21:15:059hgx22801', '20170081', 0),
(690, 'IS215', '2021-02-05 21:15:059hgx22801', '20170082', 0),
(691, 'IS215', '2021-02-05 21:15:059hgx22801', '20170083', 0),
(692, 'IS215', '2021-02-05 21:15:059hgx22801', '20170084', 0),
(693, 'IS215', '2021-02-05 21:15:059hgx22801', '20170085', 1),
(694, 'IS215', '2021-02-05 21:15:059hgx22801', '20170086', 1),
(695, 'IS215', '2021-02-05 21:15:059hgx22801', '20170087', 1),
(696, 'IS215', '2021-02-05 21:15:059hgx22801', '20170088', 1),
(697, 'IS215', '2021-02-05 21:15:059hgx22801', '20170089', 1),
(698, 'IS215', '2021-02-05 21:15:059hgx22801', '20170090', 0),
(699, 'IS215', '2021-02-05 21:15:059hgx22801', '20170091', 0),
(700, 'IS215', '2021-02-05 21:15:059hgx22801', '20170092', 0),
(701, 'IS215', '2021-02-05 21:15:059hgx22801', '20170093', 0),
(702, 'IS215', '2021-02-05 21:15:059hgx22801', '20170094', 0),
(703, 'IS215', '2021-02-05 21:15:059hgx22801', '20170095', 0),
(704, 'IS215', '2021-02-05 21:15:059hgx22801', '20170096', 1),
(705, 'IS215', '2021-02-05 21:15:059hgx22801', '20170097', 1),
(706, 'IS215', '2021-02-05 21:15:059hgx22801', '20170098', 0),
(707, 'IS215', '2021-02-05 21:15:059hgx22801', '20170099', 0),
(708, 'IS215', '2021-02-05 21:15:059hgx22801', '20170100', 0),
(709, 'IS215', '2021-04-01 23:06:4869qzl0800', '20170001', 1),
(710, 'IS215', '2021-04-01 23:06:4869qzl0800', '20170002', 1),
(711, 'IS215', '2021-04-01 23:06:4869qzl0800', '20170003', 1),
(712, 'IS215', '2021-04-01 23:06:4869qzl0800', '20170004', 0),
(713, 'IS215', '2021-04-01 23:06:4869qzl0800', '20170005', 1),
(714, 'IS215', '2021-04-01 23:06:4869qzl0800', '20170006', 0),
(715, 'IS215', '2021-04-01 23:06:4869qzl0800', '20170007', 1),
(716, 'IS215', '2021-04-01 23:06:4869qzl0800', '20170008', 1),
(717, 'IS215', '2021-04-01 23:06:4869qzl0800', '20170009', 1),
(718, 'IS215', '2021-04-01 23:06:4869qzl0800', '20170010', 0),
(719, 'IS215', '2021-04-01 23:06:4869qzl0800', '20170011', 1),
(720, 'IS215', '2021-04-01 23:06:4869qzl0800', '20170012', 1),
(721, 'IS215', '2021-04-01 23:06:4869qzl0800', '20170013', 0),
(722, 'IS215', '2021-04-01 23:06:4869qzl0800', '20170014', 1),
(723, 'IS215', '2021-04-01 23:06:4869qzl0800', '20170015', 0),
(724, 'IS215', '2021-04-01 23:06:4869qzl0800', '20170016', 1),
(725, 'IS215', '2021-04-01 23:06:4869qzl0800', '20170017', 0),
(726, 'IS215', '2021-04-01 23:06:4869qzl0800', '20170018', 0),
(727, 'IS215', '2021-04-01 23:06:4869qzl0800', '20170019', 0),
(728, 'IS215', '2021-04-01 23:06:4869qzl0800', '20170020', 1),
(729, 'IS215', '2021-04-01 23:06:4869qzl0800', '20170021', 1),
(730, 'IS215', '2021-04-01 23:06:4869qzl0800', '20170022', 0),
(731, 'IS215', '2021-04-01 23:06:4869qzl0800', '20170023', 1),
(732, 'IS215', '2021-04-01 23:06:4869qzl0800', '20170024', 0),
(733, 'IS215', '2021-04-01 23:06:4869qzl0800', '20170025', 1),
(734, 'IS215', '2021-04-01 23:06:4869qzl0800', '20170026', 1),
(735, 'IS215', '2021-04-01 23:06:4869qzl0800', '20170027', 1),
(736, 'IS215', '2021-04-01 23:06:4869qzl0800', '20170028', 0),
(737, 'IS215', '2021-04-01 23:06:4869qzl0800', '20170029', 0),
(738, 'IS215', '2021-04-01 23:06:4869qzl0800', '20170030', 1),
(739, 'IS215', '2021-04-01 23:06:4869qzl0800', '20170031', 1),
(740, 'IS215', '2021-04-01 23:06:4869qzl0800', '20170032', 0),
(741, 'IS215', '2021-04-01 23:06:4869qzl0800', '20170033', 0),
(742, 'IS215', '2021-04-01 23:06:4869qzl0800', '20170034', 0),
(743, 'IS215', '2021-04-01 23:06:4869qzl0800', '20170035', 1),
(744, 'IS215', '2021-04-01 23:06:4869qzl0800', '20170036', 1),
(745, 'IS215', '2021-04-01 23:06:4869qzl0800', '20170037', 1),
(746, 'IS215', '2021-04-01 23:06:4869qzl0800', '20170038', 0),
(747, 'IS215', '2021-04-01 23:06:4869qzl0800', '20170039', 1),
(748, 'IS215', '2021-04-01 23:06:4869qzl0800', '20170040', 1),
(749, 'IS215', '2021-04-01 23:06:4869qzl0800', '20170041', 0),
(750, 'IS215', '2021-04-01 23:06:4869qzl0800', '20170042', 0),
(751, 'IS215', '2021-04-01 23:06:4869qzl0800', '20170043', 1),
(752, 'IS215', '2021-04-01 23:06:4869qzl0800', '20170044', 1),
(753, 'IS215', '2021-04-01 23:06:4869qzl0800', '20170045', 1),
(754, 'IS215', '2021-04-01 23:06:4869qzl0800', '20170046', 1),
(755, 'IS215', '2021-04-01 23:06:4869qzl0800', '20170047', 1),
(756, 'IS215', '2021-04-01 23:06:4869qzl0800', '20170048', 1),
(757, 'IS215', '2021-04-01 23:06:4869qzl0800', '20170049', 0),
(758, 'IS215', '2021-04-01 23:06:4869qzl0800', '20170050', 0),
(759, 'IS215', '2021-04-01 23:06:4869qzl0800', '20170051', 1),
(760, 'IS215', '2021-04-01 23:06:4869qzl0800', '20170052', 0),
(761, 'IS215', '2021-04-01 23:06:4869qzl0800', '20170053', 1),
(762, 'IS215', '2021-04-01 23:06:4869qzl0800', '20170054', 0),
(763, 'IS215', '2021-04-01 23:06:4869qzl0800', '20170055', 0),
(764, 'IS215', '2021-04-01 23:06:4869qzl0800', '20170056', 1),
(765, 'IS215', '2021-04-01 23:06:4869qzl0800', '20170057', 0),
(766, 'IS215', '2021-04-01 23:06:4869qzl0800', '20170058', 1),
(767, 'IS215', '2021-04-01 23:06:4869qzl0800', '20170059', 1),
(768, 'IS215', '2021-04-01 23:06:4869qzl0800', '20170060', 1),
(769, 'IS215', '2021-04-01 23:06:4869qzl0800', '20170061', 0),
(770, 'IS215', '2021-04-01 23:06:4869qzl0800', '20170062', 0),
(771, 'IS215', '2021-04-01 23:06:4869qzl0800', '20170063', 1),
(772, 'IS215', '2021-04-01 23:06:4869qzl0800', '20170064', 0),
(773, 'IS215', '2021-04-01 23:06:4869qzl0800', '20170065', 0),
(774, 'IS215', '2021-04-01 23:06:4869qzl0800', '20170066', 0),
(775, 'IS215', '2021-04-01 23:06:4869qzl0800', '20170067', 0),
(776, 'IS215', '2021-04-01 23:06:4869qzl0800', '20170068', 0),
(777, 'IS215', '2021-04-01 23:06:4869qzl0800', '20170069', 1),
(778, 'IS215', '2021-04-01 23:06:4869qzl0800', '20170070', 1),
(779, 'IS215', '2021-04-01 23:06:4869qzl0800', '20170071', 0),
(780, 'IS215', '2021-04-01 23:06:4869qzl0800', '20170072', 0),
(781, 'IS215', '2021-04-01 23:06:4869qzl0800', '20170073', 1),
(782, 'IS215', '2021-04-01 23:06:4869qzl0800', '20170074', 0),
(783, 'IS215', '2021-04-01 23:06:4869qzl0800', '20170075', 0),
(784, 'IS215', '2021-04-01 23:06:4869qzl0800', '20170076', 0),
(785, 'IS215', '2021-04-01 23:06:4869qzl0800', '20170077', 1),
(786, 'IS215', '2021-04-01 23:06:4869qzl0800', '20170078', 0),
(787, 'IS215', '2021-04-01 23:06:4869qzl0800', '20170079', 1),
(788, 'IS215', '2021-04-01 23:06:4869qzl0800', '20170080', 0),
(789, 'IS215', '2021-04-01 23:06:4869qzl0800', '20170081', 0),
(790, 'IS215', '2021-04-01 23:06:4869qzl0800', '20170082', 1),
(791, 'IS215', '2021-04-01 23:06:4869qzl0800', '20170083', 0),
(792, 'IS215', '2021-04-01 23:06:4869qzl0800', '20170084', 1),
(793, 'IS215', '2021-04-01 23:06:4869qzl0800', '20170085', 1),
(794, 'IS215', '2021-04-01 23:06:4869qzl0800', '20170086', 0),
(795, 'IS215', '2021-04-01 23:06:4869qzl0800', '20170087', 0),
(796, 'IS215', '2021-04-01 23:06:4869qzl0800', '20170088', 1),
(797, 'IS215', '2021-04-01 23:06:4869qzl0800', '20170089', 0),
(798, 'IS215', '2021-04-01 23:06:4869qzl0800', '20170090', 1),
(799, 'IS215', '2021-04-01 23:06:4869qzl0800', '20170091', 0),
(800, 'IS215', '2021-04-01 23:06:4869qzl0800', '20170092', 0),
(801, 'IS215', '2021-04-01 23:06:4869qzl0800', '20170093', 1),
(802, 'IS215', '2021-04-01 23:06:4869qzl0800', '20170094', 1),
(803, 'IS215', '2021-04-01 23:06:4869qzl0800', '20170095', 1),
(804, 'IS215', '2021-04-01 23:06:4869qzl0800', '20170096', 0),
(805, 'IS215', '2021-04-01 23:06:4869qzl0800', '20170097', 0),
(806, 'IS215', '2021-04-01 23:06:4869qzl0800', '20170098', 1),
(807, 'IS215', '2021-04-01 23:06:4869qzl0800', '20170099', 1),
(808, 'IS215', '2021-04-01 23:06:4869qzl0800', '20170100', 1),
(809, 'IS215', '2021-05-01 23:06:4879qzl0700', '20170001', 1),
(810, 'IS215', '2021-05-01 23:06:4879qzl0700', '20170002', 0),
(811, 'IS215', '2021-05-01 23:06:4879qzl0700', '20170003', 0),
(812, 'IS215', '2021-05-01 23:06:4879qzl0700', '20170004', 1),
(813, 'IS215', '2021-05-01 23:06:4879qzl0700', '20170005', 0),
(814, 'IS215', '2021-05-01 23:06:4879qzl0700', '20170006', 1),
(815, 'IS215', '2021-05-01 23:06:4879qzl0700', '20170007', 1),
(816, 'IS215', '2021-05-01 23:06:4879qzl0700', '20170008', 1),
(817, 'IS215', '2021-05-01 23:06:4879qzl0700', '20170009', 0),
(818, 'IS215', '2021-05-01 23:06:4879qzl0700', '20170010', 1),
(819, 'IS215', '2021-05-01 23:06:4879qzl0700', '20170011', 1),
(820, 'IS215', '2021-05-01 23:06:4879qzl0700', '20170012', 0),
(821, 'IS215', '2021-05-01 23:06:4879qzl0700', '20170013', 1),
(822, 'IS215', '2021-05-01 23:06:4879qzl0700', '20170014', 0),
(823, 'IS215', '2021-05-01 23:06:4879qzl0700', '20170015', 1),
(824, 'IS215', '2021-05-01 23:06:4879qzl0700', '20170016', 0),
(825, 'IS215', '2021-05-01 23:06:4879qzl0700', '20170017', 1),
(826, 'IS215', '2021-05-01 23:06:4879qzl0700', '20170018', 1),
(827, 'IS215', '2021-05-01 23:06:4879qzl0700', '20170019', 0),
(828, 'IS215', '2021-05-01 23:06:4879qzl0700', '20170020', 0),
(829, 'IS215', '2021-05-01 23:06:4879qzl0700', '20170021', 1),
(830, 'IS215', '2021-05-01 23:06:4879qzl0700', '20170022', 1),
(831, 'IS215', '2021-05-01 23:06:4879qzl0700', '20170023', 0),
(832, 'IS215', '2021-05-01 23:06:4879qzl0700', '20170024', 0),
(833, 'IS215', '2021-05-01 23:06:4879qzl0700', '20170025', 0),
(834, 'IS215', '2021-05-01 23:06:4879qzl0700', '20170026', 0),
(835, 'IS215', '2021-05-01 23:06:4879qzl0700', '20170027', 0),
(836, 'IS215', '2021-05-01 23:06:4879qzl0700', '20170028', 1),
(837, 'IS215', '2021-05-01 23:06:4879qzl0700', '20170029', 1),
(838, 'IS215', '2021-05-01 23:06:4879qzl0700', '20170030', 1),
(839, 'IS215', '2021-05-01 23:06:4879qzl0700', '20170031', 1),
(840, 'IS215', '2021-05-01 23:06:4879qzl0700', '20170032', 0),
(841, 'IS215', '2021-05-01 23:06:4879qzl0700', '20170033', 1),
(842, 'IS215', '2021-05-01 23:06:4879qzl0700', '20170034', 0),
(843, 'IS215', '2021-05-01 23:06:4879qzl0700', '20170035', 1),
(844, 'IS215', '2021-05-01 23:06:4879qzl0700', '20170036', 1),
(845, 'IS215', '2021-05-01 23:06:4879qzl0700', '20170037', 1),
(846, 'IS215', '2021-05-01 23:06:4879qzl0700', '20170038', 0),
(847, 'IS215', '2021-05-01 23:06:4879qzl0700', '20170039', 0),
(848, 'IS215', '2021-05-01 23:06:4879qzl0700', '20170040', 0),
(849, 'IS215', '2021-05-01 23:06:4879qzl0700', '20170041', 0),
(850, 'IS215', '2021-05-01 23:06:4879qzl0700', '20170042', 0),
(851, 'IS215', '2021-05-01 23:06:4879qzl0700', '20170043', 1),
(852, 'IS215', '2021-05-01 23:06:4879qzl0700', '20170044', 0),
(853, 'IS215', '2021-05-01 23:06:4879qzl0700', '20170045', 0),
(854, 'IS215', '2021-05-01 23:06:4879qzl0700', '20170046', 0),
(855, 'IS215', '2021-05-01 23:06:4879qzl0700', '20170047', 0),
(856, 'IS215', '2021-05-01 23:06:4879qzl0700', '20170048', 1),
(857, 'IS215', '2021-05-01 23:06:4879qzl0700', '20170049', 1),
(858, 'IS215', '2021-05-01 23:06:4879qzl0700', '20170050', 1),
(859, 'IS215', '2021-05-01 23:06:4879qzl0700', '20170051', 1),
(860, 'IS215', '2021-05-01 23:06:4879qzl0700', '20170052', 1),
(861, 'IS215', '2021-05-01 23:06:4879qzl0700', '20170053', 0),
(862, 'IS215', '2021-05-01 23:06:4879qzl0700', '20170054', 1),
(863, 'IS215', '2021-05-01 23:06:4879qzl0700', '20170055', 0),
(864, 'IS215', '2021-05-01 23:06:4879qzl0700', '20170056', 0),
(865, 'IS215', '2021-05-01 23:06:4879qzl0700', '20170057', 0),
(866, 'IS215', '2021-05-01 23:06:4879qzl0700', '20170058', 0),
(867, 'IS215', '2021-05-01 23:06:4879qzl0700', '20170059', 0),
(868, 'IS215', '2021-05-01 23:06:4879qzl0700', '20170060', 1),
(869, 'IS215', '2021-05-01 23:06:4879qzl0700', '20170061', 0),
(870, 'IS215', '2021-05-01 23:06:4879qzl0700', '20170062', 0),
(871, 'IS215', '2021-05-01 23:06:4879qzl0700', '20170063', 0),
(872, 'IS215', '2021-05-01 23:06:4879qzl0700', '20170064', 1),
(873, 'IS215', '2021-05-01 23:06:4879qzl0700', '20170065', 0),
(874, 'IS215', '2021-05-01 23:06:4879qzl0700', '20170066', 1),
(875, 'IS215', '2021-05-01 23:06:4879qzl0700', '20170067', 1),
(876, 'IS215', '2021-05-01 23:06:4879qzl0700', '20170068', 1),
(877, 'IS215', '2021-05-01 23:06:4879qzl0700', '20170069', 0),
(878, 'IS215', '2021-05-01 23:06:4879qzl0700', '20170070', 0),
(879, 'IS215', '2021-05-01 23:06:4879qzl0700', '20170071', 1),
(880, 'IS215', '2021-05-01 23:06:4879qzl0700', '20170072', 0),
(881, 'IS215', '2021-05-01 23:06:4879qzl0700', '20170073', 0),
(882, 'IS215', '2021-05-01 23:06:4879qzl0700', '20170074', 0),
(883, 'IS215', '2021-05-01 23:06:4879qzl0700', '20170075', 0),
(884, 'IS215', '2021-05-01 23:06:4879qzl0700', '20170076', 1),
(885, 'IS215', '2021-05-01 23:06:4879qzl0700', '20170077', 0),
(886, 'IS215', '2021-05-01 23:06:4879qzl0700', '20170078', 1),
(887, 'IS215', '2021-05-01 23:06:4879qzl0700', '20170079', 1),
(888, 'IS215', '2021-05-01 23:06:4879qzl0700', '20170080', 1),
(889, 'IS215', '2021-05-01 23:06:4879qzl0700', '20170081', 1),
(890, 'IS215', '2021-05-01 23:06:4879qzl0700', '20170082', 1),
(891, 'IS215', '2021-05-01 23:06:4879qzl0700', '20170083', 0),
(892, 'IS215', '2021-05-01 23:06:4879qzl0700', '20170084', 0),
(893, 'IS215', '2021-05-01 23:06:4879qzl0700', '20170085', 1),
(894, 'IS215', '2021-05-01 23:06:4879qzl0700', '20170086', 1),
(895, 'IS215', '2021-05-01 23:06:4879qzl0700', '20170087', 0),
(896, 'IS215', '2021-05-01 23:06:4879qzl0700', '20170088', 1),
(897, 'IS215', '2021-05-01 23:06:4879qzl0700', '20170089', 1),
(898, 'IS215', '2021-05-01 23:06:4879qzl0700', '20170090', 0),
(899, 'IS215', '2021-05-01 23:06:4879qzl0700', '20170091', 0),
(900, 'IS215', '2021-05-01 23:06:4879qzl0700', '20170092', 1),
(901, 'IS215', '2021-05-01 23:06:4879qzl0700', '20170093', 1),
(902, 'IS215', '2021-05-01 23:06:4879qzl0700', '20170094', 0),
(903, 'IS215', '2021-05-01 23:06:4879qzl0700', '20170095', 1),
(904, 'IS215', '2021-05-01 23:06:4879qzl0700', '20170096', 0),
(905, 'IS215', '2021-05-01 23:06:4879qzl0700', '20170097', 0),
(906, 'IS215', '2021-05-01 23:06:4879qzl0700', '20170098', 1),
(907, 'IS215', '2021-05-01 23:06:4879qzl0700', '20170099', 0),
(908, 'IS215', '2021-05-01 23:06:4879qzl0700', '20170100', 0),
(909, 'IS215', '2021-05-10 10:06:4879qmn1200', '20170001', 0),
(910, 'IS215', '2021-05-10 10:06:4879qmn1200', '20170002', 0),
(911, 'IS215', '2021-05-10 10:06:4879qmn1200', '20170003', 0),
(912, 'IS215', '2021-05-10 10:06:4879qmn1200', '20170004', 0),
(913, 'IS215', '2021-05-10 10:06:4879qmn1200', '20170005', 1),
(914, 'IS215', '2021-05-10 10:06:4879qmn1200', '20170006', 1),
(915, 'IS215', '2021-05-10 10:06:4879qmn1200', '20170007', 0),
(916, 'IS215', '2021-05-10 10:06:4879qmn1200', '20170008', 1),
(917, 'IS215', '2021-05-10 10:06:4879qmn1200', '20170009', 0),
(918, 'IS215', '2021-05-10 10:06:4879qmn1200', '20170010', 1),
(919, 'IS215', '2021-05-10 10:06:4879qmn1200', '20170011', 0),
(920, 'IS215', '2021-05-10 10:06:4879qmn1200', '20170012', 1),
(921, 'IS215', '2021-05-10 10:06:4879qmn1200', '20170013', 0),
(922, 'IS215', '2021-05-10 10:06:4879qmn1200', '20170014', 0),
(923, 'IS215', '2021-05-10 10:06:4879qmn1200', '20170015', 0),
(924, 'IS215', '2021-05-10 10:06:4879qmn1200', '20170016', 0),
(925, 'IS215', '2021-05-10 10:06:4879qmn1200', '20170017', 1),
(926, 'IS215', '2021-05-10 10:06:4879qmn1200', '20170018', 0),
(927, 'IS215', '2021-05-10 10:06:4879qmn1200', '20170019', 0),
(928, 'IS215', '2021-05-10 10:06:4879qmn1200', '20170020', 0),
(929, 'IS215', '2021-05-10 10:06:4879qmn1200', '20170021', 0),
(930, 'IS215', '2021-05-10 10:06:4879qmn1200', '20170022', 0),
(931, 'IS215', '2021-05-10 10:06:4879qmn1200', '20170023', 1),
(932, 'IS215', '2021-05-10 10:06:4879qmn1200', '20170024', 0),
(933, 'IS215', '2021-05-10 10:06:4879qmn1200', '20170025', 0),
(934, 'IS215', '2021-05-10 10:06:4879qmn1200', '20170026', 0),
(935, 'IS215', '2021-05-10 10:06:4879qmn1200', '20170027', 0),
(936, 'IS215', '2021-05-10 10:06:4879qmn1200', '20170028', 1),
(937, 'IS215', '2021-05-10 10:06:4879qmn1200', '20170029', 0),
(938, 'IS215', '2021-05-10 10:06:4879qmn1200', '20170030', 1),
(939, 'IS215', '2021-05-10 10:06:4879qmn1200', '20170031', 0),
(940, 'IS215', '2021-05-10 10:06:4879qmn1200', '20170032', 1),
(941, 'IS215', '2021-05-10 10:06:4879qmn1200', '20170033', 0),
(942, 'IS215', '2021-05-10 10:06:4879qmn1200', '20170034', 0),
(943, 'IS215', '2021-05-10 10:06:4879qmn1200', '20170035', 1),
(944, 'IS215', '2021-05-10 10:06:4879qmn1200', '20170036', 1),
(945, 'IS215', '2021-05-10 10:06:4879qmn1200', '20170037', 1),
(946, 'IS215', '2021-05-10 10:06:4879qmn1200', '20170038', 1),
(947, 'IS215', '2021-05-10 10:06:4879qmn1200', '20170039', 1),
(948, 'IS215', '2021-05-10 10:06:4879qmn1200', '20170040', 0),
(949, 'IS215', '2021-05-10 10:06:4879qmn1200', '20170041', 1),
(950, 'IS215', '2021-05-10 10:06:4879qmn1200', '20170042', 0),
(951, 'IS215', '2021-05-10 10:06:4879qmn1200', '20170043', 1),
(952, 'IS215', '2021-05-10 10:06:4879qmn1200', '20170044', 1),
(953, 'IS215', '2021-05-10 10:06:4879qmn1200', '20170045', 1),
(954, 'IS215', '2021-05-10 10:06:4879qmn1200', '20170046', 0),
(955, 'IS215', '2021-05-10 10:06:4879qmn1200', '20170047', 1),
(956, 'IS215', '2021-05-10 10:06:4879qmn1200', '20170048', 0),
(957, 'IS215', '2021-05-10 10:06:4879qmn1200', '20170049', 1),
(958, 'IS215', '2021-05-10 10:06:4879qmn1200', '20170050', 1),
(959, 'IS215', '2021-05-10 10:06:4879qmn1200', '20170051', 0),
(960, 'IS215', '2021-05-10 10:06:4879qmn1200', '20170052', 0),
(961, 'IS215', '2021-05-10 10:06:4879qmn1200', '20170053', 0),
(962, 'IS215', '2021-05-10 10:06:4879qmn1200', '20170054', 0),
(963, 'IS215', '2021-05-10 10:06:4879qmn1200', '20170055', 1),
(964, 'IS215', '2021-05-10 10:06:4879qmn1200', '20170056', 0),
(965, 'IS215', '2021-05-10 10:06:4879qmn1200', '20170057', 0),
(966, 'IS215', '2021-05-10 10:06:4879qmn1200', '20170058', 0),
(967, 'IS215', '2021-05-10 10:06:4879qmn1200', '20170059', 1),
(968, 'IS215', '2021-05-10 10:06:4879qmn1200', '20170060', 0),
(969, 'IS215', '2021-05-10 10:06:4879qmn1200', '20170061', 0),
(970, 'IS215', '2021-05-10 10:06:4879qmn1200', '20170062', 0),
(971, 'IS215', '2021-05-10 10:06:4879qmn1200', '20170063', 1),
(972, 'IS215', '2021-05-10 10:06:4879qmn1200', '20170064', 0),
(973, 'IS215', '2021-05-10 10:06:4879qmn1200', '20170065', 0),
(974, 'IS215', '2021-05-10 10:06:4879qmn1200', '20170066', 0),
(975, 'IS215', '2021-05-10 10:06:4879qmn1200', '20170067', 0),
(976, 'IS215', '2021-05-10 10:06:4879qmn1200', '20170068', 0),
(977, 'IS215', '2021-05-10 10:06:4879qmn1200', '20170069', 1),
(978, 'IS215', '2021-05-10 10:06:4879qmn1200', '20170070', 0),
(979, 'IS215', '2021-05-10 10:06:4879qmn1200', '20170071', 1),
(980, 'IS215', '2021-05-10 10:06:4879qmn1200', '20170072', 1),
(981, 'IS215', '2021-05-10 10:06:4879qmn1200', '20170073', 1),
(982, 'IS215', '2021-05-10 10:06:4879qmn1200', '20170074', 0),
(983, 'IS215', '2021-05-10 10:06:4879qmn1200', '20170075', 1),
(984, 'IS215', '2021-05-10 10:06:4879qmn1200', '20170076', 1),
(985, 'IS215', '2021-05-10 10:06:4879qmn1200', '20170077', 0),
(986, 'IS215', '2021-05-10 10:06:4879qmn1200', '20170078', 0),
(987, 'IS215', '2021-05-10 10:06:4879qmn1200', '20170079', 1),
(988, 'IS215', '2021-05-10 10:06:4879qmn1200', '20170080', 1),
(989, 'IS215', '2021-05-10 10:06:4879qmn1200', '20170081', 1),
(990, 'IS215', '2021-05-10 10:06:4879qmn1200', '20170082', 0),
(991, 'IS215', '2021-05-10 10:06:4879qmn1200', '20170083', 0),
(992, 'IS215', '2021-05-10 10:06:4879qmn1200', '20170084', 1),
(993, 'IS215', '2021-05-10 10:06:4879qmn1200', '20170085', 0),
(994, 'IS215', '2021-05-10 10:06:4879qmn1200', '20170086', 0),
(995, 'IS215', '2021-05-10 10:06:4879qmn1200', '20170087', 0),
(996, 'IS215', '2021-05-10 10:06:4879qmn1200', '20170088', 0),
(997, 'IS215', '2021-05-10 10:06:4879qmn1200', '20170089', 1),
(998, 'IS215', '2021-05-10 10:06:4879qmn1200', '20170090', 0),
(999, 'IS215', '2021-05-10 10:06:4879qmn1200', '20170091', 1),
(1000, 'IS215', '2021-05-10 10:06:4879qmn1200', '20170092', 1),
(1001, 'IS215', '2021-05-10 10:06:4879qmn1200', '20170093', 0),
(1002, 'IS215', '2021-05-10 10:06:4879qmn1200', '20170094', 1),
(1003, 'IS215', '2021-05-10 10:06:4879qmn1200', '20170095', 0),
(1004, 'IS215', '2021-05-10 10:06:4879qmn1200', '20170096', 0),
(1005, 'IS215', '2021-05-10 10:06:4879qmn1200', '20170097', 0),
(1006, 'IS215', '2021-05-10 10:06:4879qmn1200', '20170098', 0),
(1007, 'IS215', '2021-05-10 10:06:4879qmn1200', '20170099', 0),
(1008, 'IS215', '2021-05-10 10:06:4879qmn1200', '20170100', 1),
(1011, 'IS215', '2021-04-28 8:00:4880qmn1800', '20170001', 1),
(1012, 'IS215', '2021-04-28 8:00:4880qmn1800', '20170002', 1),
(1013, 'IS215', '2021-04-28 8:00:4880qmn1800', '20170003', 1),
(1014, 'IS215', '2021-04-28 8:00:4880qmn1800', '20170004', 1),
(1015, 'IS215', '2021-04-28 8:00:4880qmn1800', '20170005', 0),
(1016, 'IS215', '2021-04-28 8:00:4880qmn1800', '20170006', 0),
(1017, 'IS215', '2021-04-28 8:00:4880qmn1800', '20170007', 1),
(1018, 'IS215', '2021-04-28 8:00:4880qmn1800', '20170008', 0),
(1019, 'IS215', '2021-04-28 8:00:4880qmn1800', '20170009', 1),
(1020, 'IS215', '2021-04-28 8:00:4880qmn1800', '20170010', 0),
(1021, 'IS215', '2021-04-28 8:00:4880qmn1800', '20170011', 1),
(1022, 'IS215', '2021-04-28 8:00:4880qmn1800', '20170012', 0),
(1023, 'IS215', '2021-04-28 8:00:4880qmn1800', '20170013', 1),
(1024, 'IS215', '2021-04-28 8:00:4880qmn1800', '20170014', 1),
(1025, 'IS215', '2021-04-28 8:00:4880qmn1800', '20170015', 0),
(1026, 'IS215', '2021-04-28 8:00:4880qmn1800', '20170016', 1),
(1027, 'IS215', '2021-04-28 8:00:4880qmn1800', '20170017', 1),
(1028, 'IS215', '2021-04-28 8:00:4880qmn1800', '20170018', 0),
(1029, 'IS215', '2021-04-28 8:00:4880qmn1800', '20170019', 0),
(1030, 'IS215', '2021-04-28 8:00:4880qmn1800', '20170020', 1),
(1031, 'IS215', '2021-04-28 8:00:4880qmn1800', '20170021', 0),
(1032, 'IS215', '2021-04-28 8:00:4880qmn1800', '20170022', 0),
(1033, 'IS215', '2021-04-28 8:00:4880qmn1800', '20170023', 1),
(1034, 'IS215', '2021-04-28 8:00:4880qmn1800', '20170024', 1),
(1035, 'IS215', '2021-04-28 8:00:4880qmn1800', '20170025', 0),
(1036, 'IS215', '2021-04-28 8:00:4880qmn1800', '20170026', 1),
(1037, 'IS215', '2021-04-28 8:00:4880qmn1800', '20170027', 0),
(1038, 'IS215', '2021-04-28 8:00:4880qmn1800', '20170028', 1),
(1039, 'IS215', '2021-04-28 8:00:4880qmn1800', '20170029', 1),
(1040, 'IS215', '2021-04-28 8:00:4880qmn1800', '20170030', 0),
(1041, 'IS215', '2021-04-28 8:00:4880qmn1800', '20170031', 1),
(1042, 'IS215', '2021-04-28 8:00:4880qmn1800', '20170032', 0),
(1043, 'IS215', '2021-04-28 8:00:4880qmn1800', '20170033', 1),
(1044, 'IS215', '2021-04-28 8:00:4880qmn1800', '20170034', 1),
(1045, 'IS215', '2021-04-28 8:00:4880qmn1800', '20170035', 1),
(1046, 'IS215', '2021-04-28 8:00:4880qmn1800', '20170036', 1),
(1047, 'IS215', '2021-04-28 8:00:4880qmn1800', '20170037', 0),
(1048, 'IS215', '2021-04-28 8:00:4880qmn1800', '20170038', 0),
(1049, 'IS215', '2021-04-28 8:00:4880qmn1800', '20170039', 0),
(1050, 'IS215', '2021-04-28 8:00:4880qmn1800', '20170040', 1),
(1051, 'IS215', '2021-04-28 8:00:4880qmn1800', '20170041', 1),
(1052, 'IS215', '2021-04-28 8:00:4880qmn1800', '20170042', 1),
(1053, 'IS215', '2021-04-28 8:00:4880qmn1800', '20170043', 1),
(1054, 'IS215', '2021-04-28 8:00:4880qmn1800', '20170044', 0),
(1055, 'IS215', '2021-04-28 8:00:4880qmn1800', '20170045', 1),
(1056, 'IS215', '2021-04-28 8:00:4880qmn1800', '20170046', 1),
(1057, 'IS215', '2021-04-28 8:00:4880qmn1800', '20170047', 0),
(1058, 'IS215', '2021-04-28 8:00:4880qmn1800', '20170048', 0),
(1059, 'IS215', '2021-04-28 8:00:4880qmn1800', '20170049', 0),
(1060, 'IS215', '2021-04-28 8:00:4880qmn1800', '20170050', 1),
(1061, 'IS215', '2021-04-28 8:00:4880qmn1800', '20170051', 1),
(1062, 'IS215', '2021-04-28 8:00:4880qmn1800', '20170052', 0),
(1063, 'IS215', '2021-04-28 8:00:4880qmn1800', '20170053', 1),
(1064, 'IS215', '2021-04-28 8:00:4880qmn1800', '20170054', 1),
(1065, 'IS215', '2021-04-28 8:00:4880qmn1800', '20170055', 1),
(1066, 'IS215', '2021-04-28 8:00:4880qmn1800', '20170056', 1),
(1067, 'IS215', '2021-04-28 8:00:4880qmn1800', '20170057', 0),
(1068, 'IS215', '2021-04-28 8:00:4880qmn1800', '20170058', 1),
(1069, 'IS215', '2021-04-28 8:00:4880qmn1800', '20170059', 0),
(1070, 'IS215', '2021-04-28 8:00:4880qmn1800', '20170060', 0),
(1071, 'IS215', '2021-04-28 8:00:4880qmn1800', '20170061', 1),
(1072, 'IS215', '2021-04-28 8:00:4880qmn1800', '20170062', 0),
(1073, 'IS215', '2021-04-28 8:00:4880qmn1800', '20170063', 0),
(1074, 'IS215', '2021-04-28 8:00:4880qmn1800', '20170064', 0),
(1075, 'IS215', '2021-04-28 8:00:4880qmn1800', '20170065', 0),
(1076, 'IS215', '2021-04-28 8:00:4880qmn1800', '20170066', 0),
(1077, 'IS215', '2021-04-28 8:00:4880qmn1800', '20170067', 1),
(1078, 'IS215', '2021-04-28 8:00:4880qmn1800', '20170068', 0),
(1079, 'IS215', '2021-04-28 8:00:4880qmn1800', '20170069', 0),
(1080, 'IS215', '2021-04-28 8:00:4880qmn1800', '20170070', 1),
(1081, 'IS215', '2021-04-28 8:00:4880qmn1800', '20170071', 1),
(1082, 'IS215', '2021-04-28 8:00:4880qmn1800', '20170072', 1),
(1083, 'IS215', '2021-04-28 8:00:4880qmn1800', '20170073', 1),
(1084, 'IS215', '2021-04-28 8:00:4880qmn1800', '20170074', 1),
(1085, 'IS215', '2021-04-28 8:00:4880qmn1800', '20170075', 0),
(1086, 'IS215', '2021-04-28 8:00:4880qmn1800', '20170076', 0),
(1087, 'IS215', '2021-04-28 8:00:4880qmn1800', '20170077', 1),
(1088, 'IS215', '2021-04-28 8:00:4880qmn1800', '20170078', 0),
(1089, 'IS215', '2021-04-28 8:00:4880qmn1800', '20170079', 1),
(1090, 'IS215', '2021-04-28 8:00:4880qmn1800', '20170080', 1),
(1091, 'IS215', '2021-04-28 8:00:4880qmn1800', '20170081', 1),
(1092, 'IS215', '2021-04-28 8:00:4880qmn1800', '20170082', 1),
(1093, 'IS215', '2021-04-28 8:00:4880qmn1800', '20170083', 1),
(1094, 'IS215', '2021-04-28 8:00:4880qmn1800', '20170084', 0),
(1095, 'IS215', '2021-04-28 8:00:4880qmn1800', '20170085', 1),
(1096, 'IS215', '2021-04-28 8:00:4880qmn1800', '20170086', 0),
(1097, 'IS215', '2021-04-28 8:00:4880qmn1800', '20170087', 0),
(1098, 'IS215', '2021-04-28 8:00:4880qmn1800', '20170088', 1),
(1099, 'IS215', '2021-04-28 8:00:4880qmn1800', '20170089', 1),
(1100, 'IS215', '2021-04-28 8:00:4880qmn1800', '20170090', 1),
(1101, 'IS215', '2021-04-28 8:00:4880qmn1800', '20170091', 1),
(1102, 'IS215', '2021-04-28 8:00:4880qmn1800', '20170092', 0),
(1103, 'IS215', '2021-04-28 8:00:4880qmn1800', '20170093', 0),
(1104, 'IS215', '2021-04-28 8:00:4880qmn1800', '20170094', 0),
(1105, 'IS215', '2021-04-28 8:00:4880qmn1800', '20170095', 0),
(1106, 'IS215', '2021-04-28 8:00:4880qmn1800', '20170096', 1),
(1107, 'IS215', '2021-04-28 8:00:4880qmn1800', '20170097', 0),
(1108, 'IS215', '2021-04-28 8:00:4880qmn1800', '20170098', 0),
(1109, 'IS215', '2021-04-28 8:00:4880qmn1800', '20170099', 1),
(1110, 'IS215', '2021-04-28 8:00:4880qmn1800', '20170100', 0),
(1116, 'IS215', '2021-03-28 12:30:4579qmn1200', '20170001', 0),
(1117, 'IS215', '2021-03-28 12:30:4579qmn1200', '20170002', 0),
(1118, 'IS215', '2021-03-28 12:30:4579qmn1200', '20170003', 1),
(1119, 'IS215', '2021-03-28 12:30:4579qmn1200', '20170004', 0),
(1120, 'IS215', '2021-03-28 12:30:4579qmn1200', '20170005', 0),
(1121, 'IS215', '2021-03-28 12:30:4579qmn1200', '20170006', 1),
(1122, 'IS215', '2021-03-28 12:30:4579qmn1200', '20170007', 0),
(1123, 'IS215', '2021-03-28 12:30:4579qmn1200', '20170008', 1),
(1124, 'IS215', '2021-03-28 12:30:4579qmn1200', '20170009', 0),
(1125, 'IS215', '2021-03-28 12:30:4579qmn1200', '20170010', 1),
(1126, 'IS215', '2021-03-28 12:30:4579qmn1200', '20170011', 1),
(1127, 'IS215', '2021-03-28 12:30:4579qmn1200', '20170012', 0),
(1128, 'IS215', '2021-03-28 12:30:4579qmn1200', '20170013', 1),
(1129, 'IS215', '2021-03-28 12:30:4579qmn1200', '20170014', 0),
(1130, 'IS215', '2021-03-28 12:30:4579qmn1200', '20170015', 1),
(1131, 'IS215', '2021-03-28 12:30:4579qmn1200', '20170016', 1),
(1132, 'IS215', '2021-03-28 12:30:4579qmn1200', '20170017', 1),
(1133, 'IS215', '2021-03-28 12:30:4579qmn1200', '20170018', 0),
(1134, 'IS215', '2021-03-28 12:30:4579qmn1200', '20170019', 1),
(1135, 'IS215', '2021-03-28 12:30:4579qmn1200', '20170020', 0),
(1136, 'IS215', '2021-03-28 12:30:4579qmn1200', '20170021', 1),
(1137, 'IS215', '2021-03-28 12:30:4579qmn1200', '20170022', 0),
(1138, 'IS215', '2021-03-28 12:30:4579qmn1200', '20170023', 1),
(1139, 'IS215', '2021-03-28 12:30:4579qmn1200', '20170024', 1),
(1140, 'IS215', '2021-03-28 12:30:4579qmn1200', '20170025', 1),
(1141, 'IS215', '2021-03-28 12:30:4579qmn1200', '20170026', 0),
(1142, 'IS215', '2021-03-28 12:30:4579qmn1200', '20170027', 1),
(1143, 'IS215', '2021-03-28 12:30:4579qmn1200', '20170028', 0),
(1144, 'IS215', '2021-03-28 12:30:4579qmn1200', '20170029', 0),
(1145, 'IS215', '2021-03-28 12:30:4579qmn1200', '20170030', 0),
(1146, 'IS215', '2021-03-28 12:30:4579qmn1200', '20170031', 1),
(1147, 'IS215', '2021-03-28 12:30:4579qmn1200', '20170032', 0),
(1148, 'IS215', '2021-03-28 12:30:4579qmn1200', '20170033', 0),
(1149, 'IS215', '2021-03-28 12:30:4579qmn1200', '20170034', 1),
(1150, 'IS215', '2021-03-28 12:30:4579qmn1200', '20170035', 0),
(1151, 'IS215', '2021-03-28 12:30:4579qmn1200', '20170036', 1),
(1152, 'IS215', '2021-03-28 12:30:4579qmn1200', '20170037', 0),
(1153, 'IS215', '2021-03-28 12:30:4579qmn1200', '20170038', 1),
(1154, 'IS215', '2021-03-28 12:30:4579qmn1200', '20170039', 0),
(1155, 'IS215', '2021-03-28 12:30:4579qmn1200', '20170040', 1),
(1156, 'IS215', '2021-03-28 12:30:4579qmn1200', '20170041', 1),
(1157, 'IS215', '2021-03-28 12:30:4579qmn1200', '20170042', 1),
(1158, 'IS215', '2021-03-28 12:30:4579qmn1200', '20170043', 0),
(1159, 'IS215', '2021-03-28 12:30:4579qmn1200', '20170044', 1),
(1160, 'IS215', '2021-03-28 12:30:4579qmn1200', '20170045', 1),
(1161, 'IS215', '2021-03-28 12:30:4579qmn1200', '20170046', 0),
(1162, 'IS215', '2021-03-28 12:30:4579qmn1200', '20170047', 0),
(1163, 'IS215', '2021-03-28 12:30:4579qmn1200', '20170048', 1),
(1164, 'IS215', '2021-03-28 12:30:4579qmn1200', '20170049', 1),
(1165, 'IS215', '2021-03-28 12:30:4579qmn1200', '20170050', 1),
(1166, 'IS215', '2021-03-28 12:30:4579qmn1200', '20170051', 0),
(1167, 'IS215', '2021-03-28 12:30:4579qmn1200', '20170052', 0),
(1168, 'IS215', '2021-03-28 12:30:4579qmn1200', '20170053', 1),
(1169, 'IS215', '2021-03-28 12:30:4579qmn1200', '20170054', 0),
(1170, 'IS215', '2021-03-28 12:30:4579qmn1200', '20170055', 1),
(1171, 'IS215', '2021-03-28 12:30:4579qmn1200', '20170056', 0),
(1172, 'IS215', '2021-03-28 12:30:4579qmn1200', '20170057', 1),
(1173, 'IS215', '2021-03-28 12:30:4579qmn1200', '20170058', 0),
(1174, 'IS215', '2021-03-28 12:30:4579qmn1200', '20170059', 1),
(1175, 'IS215', '2021-03-28 12:30:4579qmn1200', '20170060', 0),
(1176, 'IS215', '2021-03-28 12:30:4579qmn1200', '20170061', 0),
(1177, 'IS215', '2021-03-28 12:30:4579qmn1200', '20170062', 0),
(1178, 'IS215', '2021-03-28 12:30:4579qmn1200', '20170063', 1),
(1179, 'IS215', '2021-03-28 12:30:4579qmn1200', '20170064', 1),
(1180, 'IS215', '2021-03-28 12:30:4579qmn1200', '20170065', 1),
(1181, 'IS215', '2021-03-28 12:30:4579qmn1200', '20170066', 0),
(1182, 'IS215', '2021-03-28 12:30:4579qmn1200', '20170067', 0),
(1183, 'IS215', '2021-03-28 12:30:4579qmn1200', '20170068', 0),
(1184, 'IS215', '2021-03-28 12:30:4579qmn1200', '20170069', 0),
(1185, 'IS215', '2021-03-28 12:30:4579qmn1200', '20170070', 1),
(1186, 'IS215', '2021-03-28 12:30:4579qmn1200', '20170071', 1),
(1187, 'IS215', '2021-03-28 12:30:4579qmn1200', '20170072', 0),
(1188, 'IS215', '2021-03-28 12:30:4579qmn1200', '20170073', 1),
(1189, 'IS215', '2021-03-28 12:30:4579qmn1200', '20170074', 0),
(1190, 'IS215', '2021-03-28 12:30:4579qmn1200', '20170075', 0),
(1191, 'IS215', '2021-03-28 12:30:4579qmn1200', '20170076', 1),
(1192, 'IS215', '2021-03-28 12:30:4579qmn1200', '20170077', 0),
(1193, 'IS215', '2021-03-28 12:30:4579qmn1200', '20170078', 1),
(1194, 'IS215', '2021-03-28 12:30:4579qmn1200', '20170079', 0),
(1195, 'IS215', '2021-03-28 12:30:4579qmn1200', '20170080', 1),
(1196, 'IS215', '2021-03-28 12:30:4579qmn1200', '20170081', 0),
(1197, 'IS215', '2021-03-28 12:30:4579qmn1200', '20170082', 1),
(1198, 'IS215', '2021-03-28 12:30:4579qmn1200', '20170083', 0),
(1199, 'IS215', '2021-03-28 12:30:4579qmn1200', '20170084', 0),
(1200, 'IS215', '2021-03-28 12:30:4579qmn1200', '20170085', 0),
(1201, 'IS215', '2021-03-28 12:30:4579qmn1200', '20170086', 1),
(1202, 'IS215', '2021-03-28 12:30:4579qmn1200', '20170087', 0),
(1203, 'IS215', '2021-03-28 12:30:4579qmn1200', '20170088', 1),
(1204, 'IS215', '2021-03-28 12:30:4579qmn1200', '20170089', 1),
(1205, 'IS215', '2021-03-28 12:30:4579qmn1200', '20170090', 1),
(1206, 'IS215', '2021-03-28 12:30:4579qmn1200', '20170091', 0),
(1207, 'IS215', '2021-03-28 12:30:4579qmn1200', '20170092', 0),
(1208, 'IS215', '2021-03-28 12:30:4579qmn1200', '20170093', 1),
(1209, 'IS215', '2021-03-28 12:30:4579qmn1200', '20170094', 1),
(1210, 'IS215', '2021-03-28 12:30:4579qmn1200', '20170095', 0),
(1211, 'IS215', '2021-03-28 12:30:4579qmn1200', '20170096', 0),
(1212, 'IS215', '2021-03-28 12:30:4579qmn1200', '20170097', 1),
(1213, 'IS215', '2021-03-28 12:30:4579qmn1200', '20170098', 0),
(1214, 'IS215', '2021-03-28 12:30:4579qmn1200', '20170099', 0),
(1215, 'IS215', '2021-03-28 12:30:4579qmn1200', '20170100', 0),
(1216, 'IS478', '2021-07-23 23:22:288ptwph78p', '20170001', 1),
(1217, 'IS478', '2021-07-23 23:22:288ptwph78p', '20170002', 1),
(1218, 'IS478', '2021-07-23 23:22:288ptwph78p', '20170003', 1),
(1219, 'IS478', '2021-07-23 23:22:288ptwph78p', '20170004', 0),
(1220, 'IS478', '2021-07-23 23:22:288ptwph78p', '20170005', 0),
(1221, 'IS478', '2021-07-23 23:22:288ptwph78p', '20170006', 1),
(1222, 'IS478', '2021-07-23 23:22:288ptwph78p', '20170007', 0),
(1223, 'IS478', '2021-07-23 23:22:288ptwph78p', '20170008', 1),
(1224, 'IS478', '2021-07-23 23:22:288ptwph78p', '20170009', 1),
(1225, 'IS478', '2021-07-23 23:22:288ptwph78p', '20170010', 1),
(1226, 'IS478', '2021-07-23 23:22:288ptwph78p', '20170011', 0),
(1227, 'IS478', '2021-07-23 23:22:288ptwph78p', '20170012', 1),
(1228, 'IS478', '2021-07-23 23:22:288ptwph78p', '20170013', 1),
(1229, 'IS478', '2021-07-23 23:22:288ptwph78p', '20170014', 0),
(1230, 'IS478', '2021-07-23 23:22:288ptwph78p', '20170015', 1),
(1231, 'IS478', '2021-07-23 23:22:288ptwph78p', '20170016', 1),
(1232, 'IS478', '2021-07-23 23:22:288ptwph78p', '20170017', 1),
(1233, 'IS478', '2021-07-23 23:22:288ptwph78p', '20170018', 1),
(1234, 'IS478', '2021-07-23 23:22:288ptwph78p', '20170019', 1),
(1235, 'IS478', '2021-07-23 23:22:288ptwph78p', '20170020', 1),
(1236, 'IS478', '2021-07-23 23:22:288ptwph78p', '20170021', 0),
(1237, 'IS478', '2021-07-23 23:22:288ptwph78p', '20170022', 1),
(1238, 'IS478', '2021-07-23 23:22:288ptwph78p', '20170023', 1),
(1239, 'IS478', '2021-07-23 23:22:288ptwph78p', '20170024', 1),
(1240, 'IS478', '2021-07-23 23:22:288ptwph78p', '20170025', 1),
(1241, 'IS478', '2021-07-23 23:22:288ptwph78p', '20170026', 1),
(1242, 'IS478', '2021-07-23 23:22:288ptwph78p', '20170027', 0),
(1243, 'IS478', '2021-07-23 23:22:288ptwph78p', '20170028', 1),
(1244, 'IS478', '2021-07-23 23:22:288ptwph78p', '20170029', 1),
(1245, 'IS478', '2021-07-23 23:22:288ptwph78p', '20170030', 0),
(1246, 'IS478', '2021-07-23 23:22:288ptwph78p', '20170031', 1),
(1247, 'IS478', '2021-07-23 23:22:288ptwph78p', '20170032', 0),
(1248, 'IS478', '2021-07-23 23:22:288ptwph78p', '20170033', 0),
(1249, 'IS478', '2021-07-23 23:22:288ptwph78p', '20170034', 0),
(1250, 'IS478', '2021-07-23 23:22:288ptwph78p', '20170035', 0),
(1251, 'IS478', '2021-07-23 23:22:288ptwph78p', '20170036', 0),
(1252, 'IS478', '2021-07-23 23:22:288ptwph78p', '20170037', 1),
(1253, 'IS478', '2021-07-23 23:22:288ptwph78p', '20170038', 0),
(1254, 'IS478', '2021-07-23 23:22:288ptwph78p', '20170039', 1),
(1255, 'IS478', '2021-07-23 23:22:288ptwph78p', '20170040', 1),
(1256, 'IS478', '2021-07-23 23:22:288ptwph78p', '20170041', 0),
(1257, 'IS478', '2021-07-23 23:22:288ptwph78p', '20170042', 0),
(1258, 'IS478', '2021-07-23 23:22:288ptwph78p', '20170043', 1),
(1259, 'IS478', '2021-07-23 23:22:288ptwph78p', '20170044', 1),
(1260, 'IS478', '2021-07-23 23:22:288ptwph78p', '20170045', 1),
(1261, 'IS478', '2021-07-23 23:22:288ptwph78p', '20170046', 0),
(1262, 'IS478', '2021-07-23 23:22:288ptwph78p', '20170047', 1),
(1263, 'IS478', '2021-07-23 23:22:288ptwph78p', '20170048', 1),
(1264, 'IS478', '2021-07-23 23:22:288ptwph78p', '20170049', 0),
(1265, 'IS478', '2021-07-23 23:22:288ptwph78p', '20170050', 1),
(1266, 'IS478', '2021-07-23 23:22:3484yhkmbez', '20170001', 1),
(1267, 'IS478', '2021-07-23 23:22:3484yhkmbez', '20170002', 1),
(1268, 'IS478', '2021-07-23 23:22:3484yhkmbez', '20170003', 0),
(1269, 'IS478', '2021-07-23 23:22:3484yhkmbez', '20170004', 0),
(1270, 'IS478', '2021-07-23 23:22:3484yhkmbez', '20170005', 1),
(1271, 'IS478', '2021-07-23 23:22:3484yhkmbez', '20170006', 1),
(1272, 'IS478', '2021-07-23 23:22:3484yhkmbez', '20170007', 0),
(1273, 'IS478', '2021-07-23 23:22:3484yhkmbez', '20170008', 1),
(1274, 'IS478', '2021-07-23 23:22:3484yhkmbez', '20170009', 1),
(1275, 'IS478', '2021-07-23 23:22:3484yhkmbez', '20170010', 1),
(1276, 'IS478', '2021-07-23 23:22:3484yhkmbez', '20170011', 1),
(1277, 'IS478', '2021-07-23 23:22:3484yhkmbez', '20170012', 0),
(1278, 'IS478', '2021-07-23 23:22:3484yhkmbez', '20170013', 1),
(1279, 'IS478', '2021-07-23 23:22:3484yhkmbez', '20170014', 1),
(1280, 'IS478', '2021-07-23 23:22:3484yhkmbez', '20170015', 1),
(1281, 'IS478', '2021-07-23 23:22:3484yhkmbez', '20170016', 0),
(1282, 'IS478', '2021-07-23 23:22:3484yhkmbez', '20170017', 0),
(1283, 'IS478', '2021-07-23 23:22:3484yhkmbez', '20170018', 0),
(1284, 'IS478', '2021-07-23 23:22:3484yhkmbez', '20170019', 1),
(1285, 'IS478', '2021-07-23 23:22:3484yhkmbez', '20170020', 1),
(1286, 'IS478', '2021-07-23 23:22:3484yhkmbez', '20170021', 1),
(1287, 'IS478', '2021-07-23 23:22:3484yhkmbez', '20170022', 0),
(1288, 'IS478', '2021-07-23 23:22:3484yhkmbez', '20170023', 0),
(1289, 'IS478', '2021-07-23 23:22:3484yhkmbez', '20170024', 1),
(1290, 'IS478', '2021-07-23 23:22:3484yhkmbez', '20170025', 1),
(1291, 'IS478', '2021-07-23 23:22:3484yhkmbez', '20170026', 1),
(1292, 'IS478', '2021-07-23 23:22:3484yhkmbez', '20170027', 1),
(1293, 'IS478', '2021-07-23 23:22:3484yhkmbez', '20170028', 1),
(1294, 'IS478', '2021-07-23 23:22:3484yhkmbez', '20170029', 1),
(1295, 'IS478', '2021-07-23 23:22:3484yhkmbez', '20170030', 0),
(1296, 'IS478', '2021-07-23 23:22:3484yhkmbez', '20170031', 1),
(1297, 'IS478', '2021-07-23 23:22:3484yhkmbez', '20170032', 1),
(1298, 'IS478', '2021-07-23 23:22:3484yhkmbez', '20170033', 0),
(1299, 'IS478', '2021-07-23 23:22:3484yhkmbez', '20170034', 1),
(1300, 'IS478', '2021-07-23 23:22:3484yhkmbez', '20170035', 0),
(1301, 'IS478', '2021-07-23 23:22:3484yhkmbez', '20170036', 1),
(1302, 'IS478', '2021-07-23 23:22:3484yhkmbez', '20170037', 1),
(1303, 'IS478', '2021-07-23 23:22:3484yhkmbez', '20170038', 0),
(1304, 'IS478', '2021-07-23 23:22:3484yhkmbez', '20170039', 1),
(1305, 'IS478', '2021-07-23 23:22:3484yhkmbez', '20170040', 1),
(1306, 'IS478', '2021-07-23 23:22:3484yhkmbez', '20170041', 0),
(1307, 'IS478', '2021-07-23 23:22:3484yhkmbez', '20170042', 0),
(1308, 'IS478', '2021-07-23 23:22:3484yhkmbez', '20170043', 1),
(1309, 'IS478', '2021-07-23 23:22:3484yhkmbez', '20170044', 0),
(1310, 'IS478', '2021-07-23 23:22:3484yhkmbez', '20170045', 1),
(1311, 'IS478', '2021-07-23 23:22:3484yhkmbez', '20170046', 0),
(1312, 'IS478', '2021-07-23 23:22:3484yhkmbez', '20170047', 0),
(1313, 'IS478', '2021-07-23 23:22:3484yhkmbez', '20170048', 1),
(1314, 'IS478', '2021-07-23 23:22:3484yhkmbez', '20170049', 1),
(1315, 'IS478', '2021-07-23 23:22:3484yhkmbez', '20170050', 1),
(1316, 'IS215', '2021-07-24 15:34:10awn1t3aru', '20170001', 0),
(1317, 'IS215', '2021-07-24 15:34:10awn1t3aru', '20170002', 0),
(1318, 'IS215', '2021-07-24 15:34:10awn1t3aru', '20170003', 0),
(1319, 'IS215', '2021-07-24 15:34:10awn1t3aru', '20170004', 0),
(1320, 'IS215', '2021-07-24 15:34:10awn1t3aru', '20170005', 0),
(1321, 'IS215', '2021-07-24 16:27:13aangecr0q', '20170001', 0),
(1322, 'IS215', '2021-07-24 16:27:13aangecr0q', '20170002', 0),
(1323, 'IS215', '2021-07-24 16:27:13aangecr0q', '20170003', 0),
(1324, 'IS215', '2021-07-24 16:27:13aangecr0q', '20170004', 0),
(1325, 'IS215', '2021-07-24 16:27:13aangecr0q', '20170005', 0),
(1326, 'IS215', '2021-07-24 16:33:46irbys1cwa', '20170001', 0),
(1327, 'IS215', '2021-07-24 16:33:46irbys1cwa', '20170002', 0),
(1328, 'IS215', '2021-07-24 16:33:46irbys1cwa', '20170003', 0),
(1329, 'IS215', '2021-07-24 16:33:46irbys1cwa', '20170004', 0),
(1330, 'IS215', '2021-07-24 16:33:46irbys1cwa', '20170005', 0),
(1331, 'IS215', '2021-07-24 16:34:04d12e0pfbw', '20170001', 0),
(1332, 'IS215', '2021-07-24 16:34:04d12e0pfbw', '20170002', 0),
(1333, 'IS215', '2021-07-24 16:34:04d12e0pfbw', '20170003', 0),
(1334, 'IS215', '2021-07-24 16:34:04d12e0pfbw', '20170004', 0),
(1335, 'IS215', '2021-07-24 16:34:04d12e0pfbw', '20170005', 0),
(1336, 'IS215', '2021-07-24 16:37:514hxogkf66', '20170001', 0),
(1337, 'IS215', '2021-07-24 16:37:514hxogkf66', '20170002', 0),
(1338, 'IS215', '2021-07-24 16:37:514hxogkf66', '20170003', 0),
(1339, 'IS215', '2021-07-24 16:37:514hxogkf66', '20170004', 0),
(1340, 'IS215', '2021-07-24 16:37:514hxogkf66', '20170005', 0),
(1341, 'IS215', '2021-07-24 16:40:50o3qqyunjp', '20170001', 0),
(1342, 'IS215', '2021-07-24 16:40:50o3qqyunjp', '20170002', 0),
(1343, 'IS215', '2021-07-24 16:40:50o3qqyunjp', '20170003', 0),
(1344, 'IS215', '2021-07-24 16:40:50o3qqyunjp', '20170004', 0),
(1345, 'IS215', '2021-07-24 16:40:50o3qqyunjp', '20170005', 0),
(1346, 'IS215', '2021-07-24 16:41:228bfqml5vv', '20170001', 0),
(1347, 'IS215', '2021-07-24 16:41:228bfqml5vv', '20170002', 0),
(1348, 'IS215', '2021-07-24 16:41:228bfqml5vv', '20170003', 0),
(1349, 'IS215', '2021-07-24 16:41:228bfqml5vv', '20170004', 0),
(1350, 'IS215', '2021-07-24 16:41:228bfqml5vv', '20170005', 0),
(1351, 'IS215', '2021-07-24 16:45:18kvhg3kkv3', '20170001', 0),
(1352, 'IS215', '2021-07-24 16:45:18kvhg3kkv3', '20170002', 0),
(1353, 'IS215', '2021-07-24 16:45:18kvhg3kkv3', '20170003', 0),
(1354, 'IS215', '2021-07-24 16:45:18kvhg3kkv3', '20170004', 0),
(1355, 'IS215', '2021-07-24 16:45:18kvhg3kkv3', '20170005', 0),
(1356, 'IS215', '2021-07-24 16:47:22jq6dh1vka', '20170001', 0),
(1357, 'IS215', '2021-07-24 16:47:22jq6dh1vka', '20170002', 0),
(1358, 'IS215', '2021-07-24 16:47:22jq6dh1vka', '20170003', 0),
(1359, 'IS215', '2021-07-24 16:47:22jq6dh1vka', '20170004', 0),
(1360, 'IS215', '2021-07-24 16:47:22jq6dh1vka', '20170005', 0),
(1361, 'IS215', '2021-07-24 16:48:187rnyi4i08', '20170001', 0),
(1362, 'IS215', '2021-07-24 16:48:187rnyi4i08', '20170002', 0),
(1363, 'IS215', '2021-07-24 16:48:187rnyi4i08', '20170003', 0),
(1364, 'IS215', '2021-07-24 16:48:187rnyi4i08', '20170004', 0),
(1365, 'IS215', '2021-07-24 16:48:187rnyi4i08', '20170005', 0),
(1366, 'IS215', '2021-07-24 17:00:224xamgzztd', '20170001', 0),
(1367, 'IS215', '2021-07-24 17:00:224xamgzztd', '20170002', 0),
(1368, 'IS215', '2021-07-24 17:00:224xamgzztd', '20170003', 0),
(1369, 'IS215', '2021-07-24 17:00:224xamgzztd', '20170004', 0),
(1370, 'IS215', '2021-07-24 17:00:224xamgzztd', '20170005', 0),
(1371, 'IS215', '2021-07-24 17:00:495zoi4qb23', '20170001', 0),
(1372, 'IS215', '2021-07-24 17:00:495zoi4qb23', '20170002', 0),
(1373, 'IS215', '2021-07-24 17:00:495zoi4qb23', '20170003', 0),
(1374, 'IS215', '2021-07-24 17:00:495zoi4qb23', '20170004', 0),
(1375, 'IS215', '2021-07-24 17:00:495zoi4qb23', '20170005', 0),
(1376, 'IS215', '2021-07-24 17:08:06naxhb9y5q', '20170001', 0),
(1377, 'IS215', '2021-07-24 17:08:06naxhb9y5q', '20170002', 0),
(1378, 'IS215', '2021-07-24 17:08:06naxhb9y5q', '20170003', 0),
(1379, 'IS215', '2021-07-24 17:08:06naxhb9y5q', '20170004', 0),
(1380, 'IS215', '2021-07-24 17:08:06naxhb9y5q', '20170005', 0),
(1381, 'IS215', '2021-07-24 19:31:12qys0i2nf7', '20170001', 0),
(1382, 'IS215', '2021-07-24 19:31:12qys0i2nf7', '20170002', 0),
(1383, 'IS215', '2021-07-24 19:31:12qys0i2nf7', '20170003', 0),
(1384, 'IS215', '2021-07-24 19:31:12qys0i2nf7', '20170004', 0),
(1385, 'IS215', '2021-07-24 19:31:12qys0i2nf7', '20170005', 0),
(1386, 'IS215', '2021-07-24 19:32:25sn9jndrno', '20170001', 0),
(1387, 'IS215', '2021-07-24 19:32:25sn9jndrno', '20170002', 0),
(1388, 'IS215', '2021-07-24 19:32:25sn9jndrno', '20170003', 0),
(1389, 'IS215', '2021-07-24 19:32:25sn9jndrno', '20170004', 0),
(1390, 'IS215', '2021-07-24 19:32:25sn9jndrno', '20170005', 0),
(1391, 'IS215', '2021-07-24 22:54:15e5z8rtzke', '20170001', 0),
(1392, 'IS215', '2021-07-24 22:54:15e5z8rtzke', '20170002', 0),
(1393, 'IS215', '2021-07-24 22:54:15e5z8rtzke', '20170003', 0),
(1394, 'IS215', '2021-07-24 22:54:15e5z8rtzke', '20170004', 0),
(1395, 'IS215', '2021-07-24 22:54:15e5z8rtzke', '20170005', 0),
(1396, 'IS215', '2021-07-24 23:03:19j2l0fyl3b', '20170001', 0),
(1397, 'IS215', '2021-07-24 23:03:19j2l0fyl3b', '20170002', 0),
(1398, 'IS215', '2021-07-24 23:03:19j2l0fyl3b', '20170003', 0),
(1399, 'IS215', '2021-07-24 23:03:19j2l0fyl3b', '20170004', 0),
(1400, 'IS215', '2021-07-24 23:03:19j2l0fyl3b', '20170005', 0),
(1401, 'IS215', '2021-07-27 19:04:34au9d9sx3q', '20170001', 0),
(1402, 'IS215', '2021-07-27 19:04:34au9d9sx3q', '20170002', 0),
(1403, 'IS215', '2021-07-27 19:04:34au9d9sx3q', '20170003', 0),
(1404, 'IS215', '2021-07-27 19:04:34au9d9sx3q', '20170004', 0),
(1405, 'IS215', '2021-07-27 19:04:34au9d9sx3q', '20170005', 0),
(1406, 'IS215', '2021-07-27 19:04:34au9d9sx3q', '20170501', 0),
(1407, 'IS215', '2021-07-27 19:05:57t9ogilov9', '20170001', 0),
(1408, 'IS215', '2021-07-27 19:05:57t9ogilov9', '20170002', 0),
(1409, 'IS215', '2021-07-27 19:05:57t9ogilov9', '20170003', 0),
(1410, 'IS215', '2021-07-27 19:05:57t9ogilov9', '20170004', 0),
(1411, 'IS215', '2021-07-27 19:05:57t9ogilov9', '20170005', 0),
(1412, 'IS215', '2021-07-27 19:05:57t9ogilov9', '20170501', 0),
(1413, 'IS215', '2021-07-27 19:47:46fdy3hmucg', '20170001', 0),
(1414, 'IS215', '2021-07-27 19:47:46fdy3hmucg', '20170002', 0),
(1415, 'IS215', '2021-07-27 19:47:46fdy3hmucg', '20170003', 0),
(1416, 'IS215', '2021-07-27 19:47:46fdy3hmucg', '20170004', 0),
(1417, 'IS215', '2021-07-27 19:47:46fdy3hmucg', '20170005', 0),
(1418, 'IS215', '2021-07-27 19:47:46fdy3hmucg', '20170501', 0),
(1419, 'IS215', '2021-07-27 19:59:564bchbuxjc', '20170001', 0),
(1420, 'IS215', '2021-07-27 19:59:564bchbuxjc', '20170002', 0),
(1421, 'IS215', '2021-07-27 19:59:564bchbuxjc', '20170003', 0),
(1422, 'IS215', '2021-07-27 19:59:564bchbuxjc', '20170004', 0),
(1423, 'IS215', '2021-07-27 19:59:564bchbuxjc', '20170005', 0),
(1424, 'IS215', '2021-07-27 19:59:564bchbuxjc', '20170501', 1);

-- --------------------------------------------------------

--
-- Table structure for table `courses`
--

CREATE TABLE `courses` (
  `course_id` varchar(100) NOT NULL,
  `name` varchar(100) NOT NULL,
  `kmean_attend` varchar(45) DEFAULT NULL,
  `kmean_quiz` varchar(45) DEFAULT NULL,
  `naive` varchar(45) DEFAULT NULL,
  `sentmail` varchar(45) DEFAULT NULL
) ENGINE=InnoDB DEFAULT CHARSET=utf8mb4 COLLATE=utf8mb4_0900_ai_ci;

--
-- Dumping data for table `courses`
--

INSERT INTO `courses` (`course_id`, `name`, `kmean_attend`, `kmean_quiz`, `naive`, `sentmail`) VALUES
('CS112', 'Programming1', NULL, NULL, NULL, NULL),
('CS251', 'Software Engineering1', NULL, NULL, NULL, NULL),
('CS254', 'Programming2', NULL, NULL, NULL, NULL),
('DS250', 'DSSA', NULL, NULL, NULL, NULL),
('DS331', 'Linear Programming', NULL, NULL, NULL, NULL),
('IS123', 'ERP', NULL, NULL, NULL, NULL),
('IS156', 'stat', NULL, NULL, NULL, NULL),
('IS215', 'Data Mining', '1', '1', '1', '1'),
('IS224', 'Analysis1', NULL, NULL, NULL, NULL),
('IS313', 'stat', NULL, NULL, NULL, NULL),
('IS321', 'ERP', NULL, NULL, NULL, NULL),
('IS333', 'Management Information Systems', NULL, NULL, NULL, NULL),
('IS478', 'ERP', NULL, NULL, NULL, NULL),
('IS849', 'mycourse', NULL, NULL, NULL, NULL),
('IS968', 'stat 2', NULL, NULL, NULL, NULL),
('new548', 'new course', NULL, NULL, NULL, NULL);

-- --------------------------------------------------------

--
-- Table structure for table `grades`
--

CREATE TABLE `grades` (
  `student_id` varchar(8) NOT NULL,
  `course_id` varchar(5) NOT NULL,
  `quiz_id` int(11) NOT NULL,
  `grade` varchar(2) DEFAULT NULL
) ENGINE=MyISAM DEFAULT CHARSET=utf8;

--
-- Dumping data for table `grades`
--

INSERT INTO `grades` (`student_id`, `course_id`, `quiz_id`, `grade`) VALUES
('20170005', 'IS215', 56, '0'),
('20170004', 'IS215', 56, '0'),
('20170003', 'IS215', 56, '0'),
('20170002', 'IS215', 56, '0'),
('20170001', 'IS215', 56, '0'),
('20170005', 'IS215', 55, '0'),
('20170004', 'IS215', 55, '0'),
('20170003', 'IS215', 55, '0'),
('20170002', 'IS215', 55, '0'),
('20170001', 'IS215', 55, '0'),
('20170005', 'IS215', 54, '0'),
('20170004', 'IS215', 54, '0'),
('20170003', 'IS215', 54, '0'),
('20170002', 'IS215', 54, '0'),
('20170001', 'IS215', 54, '0'),
('20170050', 'IS478', 29, '0'),
('20170049', 'IS478', 29, '0'),
('20170048', 'IS478', 29, '0'),
('20170047', 'IS478', 29, '0'),
('20170046', 'IS478', 29, '0'),
('20170045', 'IS478', 29, '0'),
('20170044', 'IS478', 29, '0'),
('20170043', 'IS478', 29, '0'),
('20170042', 'IS478', 29, '0'),
('20170041', 'IS478', 29, '0'),
('20170040', 'IS478', 29, '0'),
('20170039', 'IS478', 29, '0'),
('20170038', 'IS478', 29, '0'),
('20170037', 'IS478', 29, '0'),
('20170036', 'IS478', 29, '0'),
('20170035', 'IS478', 29, '0'),
('20170034', 'IS478', 29, '0'),
('20170033', 'IS478', 29, '0'),
('20170032', 'IS478', 29, '0'),
('20170031', 'IS478', 29, '0'),
('20170030', 'IS478', 29, '0'),
('20170029', 'IS478', 29, '0'),
('20170028', 'IS478', 29, '0'),
('20170027', 'IS478', 29, '0'),
('20170026', 'IS478', 29, '0'),
('20170025', 'IS478', 29, '0'),
('20170024', 'IS478', 29, '0'),
('20170023', 'IS478', 29, '0'),
('20170022', 'IS478', 29, '0'),
('20170021', 'IS478', 29, '0'),
('20170020', 'IS478', 29, '0'),
('20170019', 'IS478', 29, '0'),
('20170018', 'IS478', 29, '0'),
('20170017', 'IS478', 29, '0'),
('20170016', 'IS478', 29, '0'),
('20170015', 'IS478', 29, '0'),
('20170014', 'IS478', 29, '0'),
('20170013', 'IS478', 29, '0'),
('20170012', 'IS478', 29, '0'),
('20170011', 'IS478', 29, '0'),
('20170010', 'IS478', 29, '0'),
('20170009', 'IS478', 29, '0'),
('20170008', 'IS478', 29, '0'),
('20170007', 'IS478', 29, '0'),
('20170006', 'IS478', 29, '0'),
('20170005', 'IS478', 29, '0'),
('20170004', 'IS478', 29, '0'),
('20170003', 'IS478', 29, '0'),
('20170002', 'IS478', 29, '0'),
('20170001', 'IS478', 29, '0'),
('20170050', 'IS478', 28, '0'),
('20170049', 'IS478', 28, '0'),
('20170048', 'IS478', 28, '0'),
('20170047', 'IS478', 28, '0'),
('20170046', 'IS478', 28, '0'),
('20170045', 'IS478', 28, '0'),
('20170044', 'IS478', 28, '0'),
('20170043', 'IS478', 28, '0'),
('20170042', 'IS478', 28, '0'),
('20170041', 'IS478', 28, '0'),
('20170040', 'IS478', 28, '0'),
('20170039', 'IS478', 28, '0'),
('20170038', 'IS478', 28, '0'),
('20170037', 'IS478', 28, '0'),
('20170036', 'IS478', 28, '0'),
('20170035', 'IS478', 28, '0'),
('20170034', 'IS478', 28, '0'),
('20170033', 'IS478', 28, '0'),
('20170032', 'IS478', 28, '0'),
('20170031', 'IS478', 28, '0'),
('20170030', 'IS478', 28, '0'),
('20170029', 'IS478', 28, '0'),
('20170028', 'IS478', 28, '0'),
('20170027', 'IS478', 28, '0'),
('20170026', 'IS478', 28, '0'),
('20170025', 'IS478', 28, '0'),
('20170024', 'IS478', 28, '0'),
('20170023', 'IS478', 28, '0'),
('20170022', 'IS478', 28, '0'),
('20170021', 'IS478', 28, '0'),
('20170020', 'IS478', 28, '0'),
('20170019', 'IS478', 28, '0'),
('20170018', 'IS478', 28, '0'),
('20170017', 'IS478', 28, '0'),
('20170016', 'IS478', 28, '0'),
('20170015', 'IS478', 28, '0'),
('20170014', 'IS478', 28, '0'),
('20170013', 'IS478', 28, '0'),
('20170012', 'IS478', 28, '0'),
('20170011', 'IS478', 28, '0'),
('20170010', 'IS478', 28, '0'),
('20170009', 'IS478', 28, '0'),
('20170008', 'IS478', 28, '0'),
('20170007', 'IS478', 28, '0'),
('20170006', 'IS478', 28, '0'),
('20170005', 'IS478', 28, '0'),
('20170004', 'IS478', 28, '0'),
('20170003', 'IS478', 28, '0'),
('20170002', 'IS478', 28, '0'),
('20170001', 'IS478', 28, '0'),
('20170001', 'IS215', 58, '0'),
('20170002', 'IS215', 58, '0'),
('20170003', 'IS215', 58, '0'),
('20170004', 'IS215', 58, '0'),
('20170005', 'IS215', 58, '0'),
('20170501', 'IS215', 58, '5'),
('20170001', 'IS215', 59, '0'),
('20170002', 'IS215', 59, '0'),
('20170003', 'IS215', 59, '0'),
('20170004', 'IS215', 59, '0'),
('20170005', 'IS215', 59, '0'),
('20170001', 'IS215', 60, '0'),
('20170002', 'IS215', 60, '0'),
('20170003', 'IS215', 60, '0'),
('20170004', 'IS215', 60, '0'),
('20170005', 'IS215', 60, '0'),
('20170501', 'IS215', 61, '0'),
('20170001', 'IS215', 61, '0'),
('20170002', 'IS215', 61, '0'),
('20170003', 'IS215', 61, '0'),
('20170004', 'IS215', 61, '0'),
('20170005', 'IS215', 61, '0'),
('20170501', 'IS215', 60, '8'),
('20170501', 'IS215', 59, '0'),
('20170001', 'IS215', 63, '0'),
('20170002', 'IS215', 63, '0'),
('20170003', 'IS215', 63, '0'),
('20170004', 'IS215', 63, '0'),
('20170005', 'IS215', 63, '0'),
('20170501', 'IS215', 63, '0'),
('20170501', 'IS215', 64, '10');

-- --------------------------------------------------------

--
-- Table structure for table `instructorcourses`
--

CREATE TABLE `instructorcourses` (
  `id` int(11) NOT NULL,
  `course_id` varchar(100) NOT NULL,
  `instructor_id` int(11) NOT NULL
) ENGINE=InnoDB DEFAULT CHARSET=utf8mb4 COLLATE=utf8mb4_0900_ai_ci;

--
-- Dumping data for table `instructorcourses`
--

INSERT INTO `instructorcourses` (`id`, `course_id`, `instructor_id`) VALUES
(6, 'IS333', 20100025),
(7, 'CS251', 20120020),
(8, 'CS254', 20120020),
(9, 'IS215', 20170166),
(11, 'DS250', 20100020),
(14, 'CS112', 20170239),
(18, 'IS478', 20170166),
(21, 'DS331', 20170166),
(24, 'new548', 20170166),
(25, 'CS251', 20170166);

-- --------------------------------------------------------

--
-- Table structure for table `instructors`
--

CREATE TABLE `instructors` (
  `id` int(11) NOT NULL,
  `Fname` varchar(100) NOT NULL,
  `Lname` varchar(100) NOT NULL,
  `email` varchar(255) NOT NULL,
  `password` varchar(255) NOT NULL
) ENGINE=InnoDB DEFAULT CHARSET=utf8mb4 COLLATE=utf8mb4_0900_ai_ci;

--
-- Dumping data for table `instructors`
--

INSERT INTO `instructors` (`id`, `Fname`, `Lname`, `email`, `password`) VALUES
(20100020, 'Ihab', 'El Khadary', 'a.elkhadary@gmail.com', '$2y$10$4k8rPcsDKaVxp9LZm.9yF.eIQCyqJ/lhu9kJlAsERiLKXSiZ/00ya'),
(20100025, 'Hanan', 'Mousa', 'h.mousa1234@gmail.com', '$2y$10$BY7w79VlgQvPBuigDUfsiuY2/lheN3svYo2lCVNuDi8lzalX6/4IO'),
(20120020, 'Mohamed', 'Elramly', 'melramly@gmail.com', '$2y$10$5x.2aTywR6gvJJcHeFcIv.SVzfqIfL6QcGsqYZGAjh3Z5iQFrN5pO'),
(20170166, 'Alaa', 'Ebrahim', 'aebrahim20170166@gmail.com', '$2y$10$9qwp6dEDEoXES1seYcB4AOQuW1EyiuKGkyx6BXgBSyCqZW84A7gKO'),
(20170239, 'mohamed', 'ashour', 'mohamed.3ashour07@gmail.com', '$2y$10$pChqkhwGCw3y1I/47xJkr.eqdMc0rt2n8DnVO.2O4VToDbuHi7Y1W'),
(20170240, 'ahmed', 'ashour', 'ahmed.3asf@gmail.com', '$2y$10$kjR2rOnzMpGS/wNKmlnbwOo6ulcsE.LgQcpEdCtujcqP4FA157POS');

-- --------------------------------------------------------

--
-- Table structure for table `quiz`
--

CREATE TABLE `quiz` (
  `id` int(11) NOT NULL,
  `courseID` varchar(100) NOT NULL,
  `topic` varchar(255) NOT NULL,
  `total_grade` int(11) NOT NULL,
  `date` datetime NOT NULL,
  `publishedTime` datetime DEFAULT NULL,
  `duration` int(11) DEFAULT NULL,
  `status` int(11) DEFAULT NULL
) ENGINE=InnoDB DEFAULT CHARSET=utf8mb4 COLLATE=utf8mb4_0900_ai_ci;

--
-- Dumping data for table `quiz`
--

INSERT INTO `quiz` (`id`, `courseID`, `topic`, `total_grade`, `date`, `publishedTime`, `duration`, `status`) VALUES
(6, 'CS112', 'ch5', 0, '2021-07-16 16:13:34', NULL, NULL, NULL),
(7, 'CS112', 'chapter1', 13, '2021-07-16 17:02:15', NULL, NULL, NULL),
(8, 'CS112', 'test chapter', 8, '2021-07-16 17:03:17', NULL, NULL, NULL),
(9, 'CS112', 'test chapter', 8, '2021-07-16 17:07:32', NULL, NULL, NULL),
(28, 'IS478', 'chapter1', 4, '2021-07-24 00:32:20', NULL, NULL, 1),
(29, 'IS478', 'chapter2', 3, '2021-07-24 00:32:37', NULL, NULL, NULL),
(30, 'IS478', 'chapter2', 3, '2021-07-24 00:48:08', NULL, NULL, 1),
(31, 'IS478', 'chapter1', 1, '2021-07-24 00:49:58', '2021-07-24 01:28:50', 10000, 1),
(32, 'IS478', 'chapter1', 3, '2021-07-24 00:51:00', NULL, NULL, NULL),
(33, 'IS478', 'chapter1', 8, '2021-07-24 00:53:36', NULL, NULL, NULL),
(34, 'IS478', 'chapter2', 2, '2021-07-24 00:57:21', NULL, NULL, NULL),
(35, 'IS478', 'chapter1', 2, '2021-07-24 01:03:16', NULL, NULL, NULL),
(36, 'IS478', 'chapter1', 2, '2021-07-24 01:13:33', NULL, NULL, NULL),
(37, 'IS478', 'chapter1', 2, '2021-07-24 01:18:32', NULL, NULL, NULL),
(38, 'IS478', 'chapter1', 2, '2021-07-24 01:27:34', NULL, NULL, NULL),
(39, 'IS478', 'chapter1', 2, '2021-07-24 01:32:15', NULL, NULL, NULL),
(40, 'IS478', 'chapter1', 2, '2021-07-24 01:36:10', NULL, NULL, NULL),
(41, 'IS478', 'chapter1', 2, '2021-07-24 01:46:40', NULL, NULL, NULL),
(42, 'IS478', 'chapter1', 2, '2021-07-24 01:47:48', NULL, NULL, NULL),
(43, 'IS478', 'chapter1', 2, '2021-07-24 01:49:00', NULL, NULL, NULL),
(44, 'IS478', 'chapter1', 2, '2021-07-24 01:50:52', NULL, NULL, NULL),
(45, 'IS478', 'chapter1', 2, '2021-07-24 01:53:01', NULL, NULL, NULL),
(46, 'IS478', 'chapter1', 2, '2021-07-24 01:53:28', NULL, NULL, NULL),
(47, 'IS478', 'chapter1', 2, '2021-07-24 01:58:25', NULL, NULL, NULL),
(48, 'IS478', 'chapter1', 5, '2021-07-24 02:08:32', NULL, NULL, NULL),
(49, 'IS478', 'chapter1', 5, '2021-07-24 02:09:39', NULL, NULL, NULL),
(50, 'IS478', 'chapter1', 5, '2021-07-24 07:34:44', NULL, NULL, NULL),
(51, 'IS478', 'final quiz 1', 20, '2021-07-24 07:42:24', NULL, NULL, NULL),
(52, 'IS478', 'chapter1', 10, '2021-07-24 08:34:39', NULL, 10, NULL),
(57, 'test12', 'chapter1', 2, '2021-07-25 00:59:11', NULL, 10, NULL),
(58, 'IS215', 'Chapter 1', 10, '2021-07-27 18:44:04', '2021-07-27 18:44:16', 60, 1),
(59, 'IS215', 'Chapter 2', 9, '2021-07-27 19:29:07', '2021-07-27 19:32:52', 30, 1),
(60, 'IS215', 'Chapter 3', 8, '2021-07-27 19:30:52', '2021-07-27 20:04:51', 50, 1),
(61, 'IS215', 'Chapter 4', 10, '2021-07-27 19:32:45', '2021-07-27 20:22:51', 50, 1),
(63, 'IS215', 'Chapter 99', 4, '2021-07-27 21:54:56', '2021-07-27 21:57:00', 30, 1),
(64, 'IS215', 'Chapter 98', 10, '2021-07-27 22:16:21', '2021-07-27 22:17:27', 30, 1);

-- --------------------------------------------------------

--
-- Table structure for table `quizquestions`
--

CREATE TABLE `quizquestions` (
  `id` int(11) NOT NULL,
  `quiz_id` int(11) NOT NULL,
  `content` text NOT NULL,
  `answer_id` varchar(3) DEFAULT NULL,
  `answer` text,
  `grade` int(11) DEFAULT NULL
) ENGINE=InnoDB DEFAULT CHARSET=utf8mb4 COLLATE=utf8mb4_0900_ai_ci;

--
-- Dumping data for table `quizquestions`
--

INSERT INTO `quizquestions` (`id`, `quiz_id`, `content`, `answer_id`, `answer`, `grade`) VALUES
(5, 6, 'what is you name', NULL, 'ahmed', 0),
(6, 8, 'what is you name', NULL, 'ahmed', 0),
(7, 8, 'what is you age', NULL, '22', 0),
(8, 9, 'what is you name', NULL, 'ahmed', 5),
(9, 9, 'what is you age', NULL, '22', 3),
(33, 28, 'what is you name', 'a', NULL, 4),
(34, 29, 'what is you name', 'a', NULL, 3),
(35, 30, 'what is you name', 'a', NULL, 3),
(36, 31, 'what is you name', 'a', NULL, 1),
(37, 32, 'what is you name', 'a', NULL, 1),
(38, 33, 'what is you name', 'a', NULL, 3),
(39, 34, 'what is you name', 'a', NULL, 2),
(40, 35, 'what is you name', 'a', NULL, 2),
(41, 36, 'what is you name', 'a', NULL, 2),
(42, 37, 'what is you name', 'a', NULL, 2),
(43, 38, 'what is you name', 'a', NULL, 2),
(44, 39, 'what is you name', 'a', NULL, 2),
(45, 40, 'what is you name', 'a', NULL, 2),
(46, 41, 'what is you name', 'a', NULL, 2),
(47, 42, 'what is you name', 'a', NULL, 2),
(48, 43, 'what is you name', 'a', NULL, 2),
(49, 44, 'what is you name', 'a', NULL, 2),
(50, 45, 'what is you name', 'a', NULL, 2),
(51, 46, 'what is you name', 'a', NULL, 2),
(52, 47, 'what is you name', 'a', NULL, 2),
(53, 48, 'what is you name', 'a', NULL, 2),
(54, 48, 'what is you age', 'b', NULL, 3),
(55, 49, 'what is you name', 'a', NULL, 2),
(56, 49, 'what is you age', 'b', NULL, 3),
(58, 33, 'what is you name', 'a', NULL, 5),
(59, 50, 'what is you name', 'a', NULL, 5),
(60, 51, 'If computing a causal linear regression model of Y = a + bX and the resultant r^2 is very near zero, then one would be able to conclude that:', 'c', NULL, 5),
(61, 51, 'Which of the following statements is true about r^2?', 'c', NULL, 10),
(62, 51, 'Which of the following statements is true regarding a scatter diagram?', 'c', NULL, 5),
(63, 52, 'If computing a causal linear regression model of Y = a + bX and the resultant r^2 is very near zero, then one would be able to conclude that:', 'a', NULL, 5),
(64, 52, 'Which of the following statements is true about r^2?', 'a', NULL, 5),
(69, 57, 'what is you name', 'a', NULL, 2),
(70, 58, 'RDBMS is an acronym for', 'c', NULL, 5),
(71, 58, 'The process of performing corrections on the existing data is', 'a', NULL, 5),
(72, 59, 'What do you mean by one to many relationship between Teacher and Class table?', 'b', NULL, 3),
(73, 59, 'What are the different view to present a Table ?', 'c', NULL, 3),
(74, 59, 'In one-to-many relationship the table on \'many\' side is called _______', 'b', NULL, 3),
(75, 60, 'In which state one gathers and list all the necessary fields for the database design project.', 'a', NULL, 4),
(76, 60, 'Which of the following enables us to view data from a table based on a specific criterion', 'b', NULL, 4),
(77, 61, 'Which database object is ideal to view, change, andanalyze datain different ways ?', 'c', NULL, 5),
(78, 61, 'This key that uniquely identifies each record is called :', 'a', NULL, 5),
(81, 63, 'Two tables can be linked with relationship to _____', 'b', NULL, 2),
(82, 63, 'In a database Table, the each category of information Is called __________', 'b', NULL, 2),
(83, 64, 'Which of the following fields has width of 8 bytes?', 'c', NULL, 5),
(84, 64, 'The third stage of designing a database is when we create___________ between tables', 'a', NULL, 5);

-- --------------------------------------------------------

--
-- Table structure for table `sessions`
--

CREATE TABLE `sessions` (
  `session_name` varchar(100) NOT NULL,
  `session_id` varchar(100) NOT NULL,
  `course_id` varchar(100) NOT NULL,
  `date` datetime NOT NULL,
  `isAvailable` int(11) DEFAULT NULL
) ENGINE=InnoDB DEFAULT CHARSET=utf8mb4 COLLATE=utf8mb4_0900_ai_ci;

--
-- Dumping data for table `sessions`
--

INSERT INTO `sessions` (`session_name`, `session_id`, `course_id`, `date`, `isAvailable`) VALUES
('clustering part 2', '2021-02-05 21:15:059hgx22801', 'IS215', '2021-04-16 14:55:02', NULL),
('data preprocessing', '2021-03-28 12:30:4579qmn1200', 'IS215', '2021-05-18 23:33:32', NULL),
('Clustering', '2021-04-01 23:06:4869qzl0800', 'IS215', '2021-04-01 23:06:48', NULL),
('Regression part 2', '2021-04-28 8:00:4880qmn1800', 'IS215', '2021-05-04 21:14:10', NULL),
('Prediction', '2021-05-01 23:06:4879qzl0700', 'IS215', '2021-04-02 08:00:39', NULL),
('Regression', '2021-05-10 10:06:4879qmn1200', 'IS215', '2021-05-03 22:02:28', NULL),
('stat session 1', '2021-07-14 15:57:19kpp7d4vs1', 'IS313', '2021-07-14 15:57:19', NULL),
('stat session 1', '2021-07-14 15:57:38ozuvnt0dd', 'IS313', '2021-07-14 15:57:38', NULL),
('test session', '2021-07-14 20:13:11hlkisoo6v', 'CS112', '2021-07-14 20:13:11', NULL),
('stat session 1', '2021-07-20 23:19:217iv0cnt67', 'CS112', '2021-07-20 23:19:21', NULL),
('stat session 1', '2021-07-20 23:19:51kmbc6deei', 'CS112', '2021-07-20 23:19:51', NULL),
('stat session 1', '2021-07-20 23:20:227cjw89tiw', 'CS112', '2021-07-20 23:20:22', NULL),
('stat session 1', '2021-07-20 23:20:34b4r25yua4', 'CS112', '2021-07-20 23:20:34', NULL),
('stat session 5', '2021-07-21 00:57:49qm281ocko', 'CS112', '2021-07-21 00:57:49', NULL),
('stat session 6', '2021-07-21 00:58:55kmvkhg9l4', 'CS112', '2021-07-21 00:58:55', NULL),
('stat session 6', '2021-07-21 01:28:415qij06mgn', 'CS112', '2021-07-21 01:28:41', NULL),
('new session 1', '2021-07-23 13:57:11cd95xz1uy', 'IS215', '2021-07-23 13:57:11', NULL),
('new session 1', '2021-07-23 13:58:524cfbobyre', 'IS215', '2021-07-23 13:58:52', NULL),
('new session 2', '2021-07-23 13:58:58l69yb2lh5', 'IS215', '2021-07-23 13:58:58', NULL),
('stat session 2', '2021-07-23 14:01:431l97aehdo', 'IS215', '2021-07-23 14:01:43', NULL),
('stat session 3', '2021-07-23 14:02:41ry2rb4fmo', 'IS215', '2021-07-23 14:02:41', NULL),
('new session 1', '2021-07-23 14:03:16g7eix41sc', 'IS215', '2021-07-23 14:03:16', NULL),
('new session 3', '2021-07-23 14:03:31e0ek8va3y', 'IS215', '2021-07-23 14:03:31', NULL),
('new session 3', '2021-07-23 14:03:447okz2npst', 'IS215', '2021-07-23 14:03:44', NULL),
('new session 1', '2021-07-23 14:03:469jmyw15se', 'IS215', '2021-07-23 14:03:46', NULL),
('session 1', '2021-07-23 23:22:288ptwph78p', 'IS478', '2021-07-23 23:22:28', NULL),
('session 2', '2021-07-23 23:22:3484yhkmbez', 'IS478', '2021-07-23 23:22:34', NULL),
('session 3', '2021-07-24 00:00:57sox6f1awo', 'IS478', '2021-07-24 00:00:57', NULL),
('session 4', '2021-07-24 00:27:31gujf8p9lm', 'IS478', '2021-07-24 00:27:31', NULL),
('stat session 1', '2021-07-24 15:23:11ed8v6o3yq', 'IS215', '2021-07-24 15:23:11', NULL),
('stat session 1', '2021-07-24 15:25:13p04s0kesh', 'IS215', '2021-07-24 15:25:13', NULL),
('session 10', '2021-07-24 15:33:213yidqlsid', 'IS215', '2021-07-24 15:33:21', NULL),
('session 10', '2021-07-24 15:34:10awn1t3aru', 'IS215', '2021-07-24 15:34:10', NULL),
('session 12', '2021-07-24 16:27:13aangecr0q', 'IS215', '2021-07-24 16:27:13', 1),
('session 12', '2021-07-24 16:33:46irbys1cwa', 'IS215', '2021-07-24 16:33:46', 1),
('session 12', '2021-07-24 16:34:04d12e0pfbw', 'IS215', '2021-07-24 16:34:04', 1),
('session 12', '2021-07-24 16:37:514hxogkf66', 'IS215', '2021-07-24 16:37:51', 1),
('session 12', '2021-07-24 16:40:50o3qqyunjp', 'IS215', '2021-07-24 16:40:50', 1),
('session 12', '2021-07-24 16:41:228bfqml5vv', 'IS215', '2021-07-24 16:41:22', 1),
('session 13', '2021-07-24 16:45:18kvhg3kkv3', 'IS215', '2021-07-24 16:45:18', 1),
('session 13', '2021-07-24 16:47:22jq6dh1vka', 'IS215', '2021-07-24 16:47:22', 1),
('session 13', '2021-07-24 16:48:187rnyi4i08', 'IS215', '2021-07-24 16:48:18', 0),
('session 12', '2021-07-24 17:00:224xamgzztd', 'IS215', '2021-07-24 17:00:22', 0),
('session 14', '2021-07-24 17:00:495zoi4qb23', 'IS215', '2021-07-24 17:00:49', 0),
('session 15', '2021-07-24 17:08:06naxhb9y5q', 'IS215', '2021-07-24 17:08:06', 0),
('session 3', '2021-07-24 19:31:12qys0i2nf7', 'IS215', '2021-07-24 19:31:12', 1),
('session 3', '2021-07-24 19:32:25sn9jndrno', 'IS215', '2021-07-24 19:32:25', 1),
('stat session 1', '2021-07-24 22:54:15e5z8rtzke', 'IS215', '2021-07-24 22:54:15', 0),
('stat session 1', '2021-07-24 23:03:19j2l0fyl3b', 'IS215', '2021-07-24 23:03:19', 0),
('Clustering', '2021-07-27 19:04:34au9d9sx3q', 'IS215', '2021-07-27 19:04:34', 0),
('Regression', '2021-07-27 19:05:57t9ogilov9', 'IS215', '2021-07-27 19:05:57', 0),
('final session', '2021-07-27 19:47:46fdy3hmucg', 'IS215', '2021-07-27 19:47:46', 0),
('final 2', '2021-07-27 19:59:564bchbuxjc', 'IS215', '2021-07-27 19:59:56', 0);

-- --------------------------------------------------------

--
-- Table structure for table `studentcourses`
--

CREATE TABLE `studentcourses` (
  `id` int(11) NOT NULL,
  `student_id` varchar(100) NOT NULL,
  `course_id` varchar(100) NOT NULL,
  `performance` varchar(10) DEFAULT NULL,
  `attendance` varchar(20) DEFAULT NULL,
  `pass/fail` varchar(10) DEFAULT NULL,
  `getmail` varchar(1) DEFAULT NULL,
  `token` text
) ENGINE=InnoDB DEFAULT CHARSET=utf8mb4 COLLATE=utf8mb4_0900_ai_ci;

--
-- Dumping data for table `studentcourses`
--

INSERT INTO `studentcourses` (`id`, `student_id`, `course_id`, `performance`, `attendance`, `pass/fail`, `getmail`, `token`) VALUES
(1, '20170001', 'IS215', 'F', 'irregular', 'Fail', NULL, NULL),
(2, '20170002', 'IS215', 'F', 'irregular', 'Fail', NULL, NULL),
(3, '20170003', 'IS215', 'F', 'irregular', 'Fail', NULL, NULL),
(4, '20170004', 'IS215', 'F', 'irregular', 'Fail', '1', NULL),
(5, '20170005', 'IS215', 'F', 'irregular', 'Fail', NULL, NULL),
(6, '20170001', 'IS224', NULL, NULL, NULL, NULL, NULL),
(7, '20170002', 'IS224', NULL, NULL, NULL, NULL, NULL),
(8, '20170003', 'IS224', NULL, NULL, NULL, NULL, NULL),
(9, '20170004', 'IS224', NULL, NULL, 'pass', NULL, NULL),
(10, '20170005', 'IS224', NULL, NULL, 'pass', NULL, NULL),
(11, '20170001', 'IS333', NULL, NULL, NULL, NULL, NULL),
(12, '20170002', 'IS333', NULL, NULL, NULL, NULL, NULL),
(13, '20170003', 'IS333', NULL, NULL, NULL, NULL, NULL),
(14, '20170004', 'IS333', NULL, NULL, 'pass', NULL, NULL),
(15, '20170005', 'IS333', NULL, NULL, 'pass', NULL, NULL),
(16, '20170001', 'IS478', 'F', 'irregular', 'Fail', '1', NULL),
(17, '20170002', 'IS478', 'F', 'irregular', 'Fail', '', NULL),
(18, '20170003', 'IS478', 'F', 'irregular', 'Fail', '', NULL),
(19, '20170004', 'IS478', 'F', 'irregular', 'Fail', '', NULL),
(20, '20170005', 'IS478', 'F', 'irregular', 'Fail', '', NULL),
(21, '20170006', 'IS478', 'F', 'irregular', 'Fail', '', NULL),
(22, '20170007', 'IS478', 'F', 'irregular', 'Fail', '', NULL),
(23, '20170008', 'IS478', 'F', 'irregular', 'Fail', '', NULL),
(24, '20170009', 'IS478', 'F', 'irregular', 'Fail', '', NULL),
(25, '20170010', 'IS478', 'F', 'irregular', 'Fail', '', NULL),
(26, '20170011', 'IS478', 'F', 'irregular', 'Fail', '', NULL),
(27, '20170012', 'IS478', 'F', 'irregular', 'Fail', '', NULL),
(28, '20170013', 'IS478', 'F', 'irregular', 'Fail', '', NULL),
(29, '20170014', 'IS478', 'F', 'irregular', 'Fail', '', NULL),
(30, '20170015', 'IS478', 'F', 'irregular', 'Fail', '', NULL),
(31, '20170016', 'IS478', 'F', 'irregular', 'Fail', '', NULL),
(32, '20170017', 'IS478', 'F', 'irregular', 'Fail', '', NULL),
(33, '20170018', 'IS478', 'F', 'irregular', 'Fail', '', NULL),
(34, '20170019', 'IS478', 'F', 'irregular', 'Fail', '', NULL),
(35, '20170020', 'IS478', 'F', 'irregular', 'Fail', '', NULL),
(36, '20170021', 'IS478', 'F', 'irregular', 'Fail', '', NULL),
(37, '20170022', 'IS478', 'F', 'irregular', 'Fail', '', NULL),
(38, '20170023', 'IS478', 'F', 'irregular', 'Fail', '', NULL),
(39, '20170024', 'IS478', 'F', 'irregular', 'Fail', '', NULL),
(40, '20170025', 'IS478', 'F', 'irregular', 'Fail', '', NULL),
(41, '20170026', 'IS478', 'F', 'irregular', 'Fail', '', NULL),
(42, '20170027', 'IS478', 'F', 'irregular', 'Fail', '', NULL),
(43, '20170028', 'IS478', 'F', 'irregular', 'Fail', '', NULL),
(44, '20170029', 'IS478', 'F', 'irregular', 'Fail', '', NULL),
(45, '20170030', 'IS478', 'F', 'irregular', 'Fail', '', NULL),
(46, '20170031', 'IS478', 'F', 'irregular', 'Fail', '', NULL),
(47, '20170032', 'IS478', 'F', 'irregular', 'Fail', '', NULL),
(48, '20170033', 'IS478', 'F', 'irregular', 'Fail', '', NULL),
(49, '20170034', 'IS478', 'F', 'irregular', 'Fail', '', NULL),
(50, '20170035', 'IS478', 'F', 'irregular', 'Fail', '', NULL),
(51, '20170036', 'IS478', 'F', 'irregular', 'Fail', '', NULL),
(52, '20170037', 'IS478', 'F', 'irregular', 'Fail', '', NULL),
(53, '20170038', 'IS478', 'F', 'irregular', 'Fail', '', NULL),
(54, '20170039', 'IS478', 'F', 'irregular', 'Fail', '', NULL),
(55, '20170040', 'IS478', 'F', 'irregular', 'Fail', '', NULL),
(56, '20170041', 'IS478', 'F', 'irregular', 'Fail', '', NULL),
(57, '20170042', 'IS478', 'F', 'irregular', 'Fail', '', NULL),
(58, '20170043', 'IS478', 'F', 'irregular', 'Fail', '', NULL),
(59, '20170044', 'IS478', 'F', 'irregular', 'Fail', '', NULL),
(60, '20170045', 'IS478', 'F', 'irregular', 'Fail', '', NULL),
(61, '20170046', 'IS478', 'F', 'irregular', 'Fail', '', NULL),
(62, '20170047', 'IS478', 'F', 'irregular', 'Fail', '', NULL),
(63, '20170048', 'IS478', 'F', 'irregular', 'Fail', '', NULL),
(64, '20170049', 'IS478', 'F', 'irregular', 'Fail', '', NULL),
(65, '20170050', 'IS478', '', '', '', '', NULL),
(66, '20170501', 'IS215', NULL, NULL, NULL, NULL, 'eU2Qirc5Rq-Kf0dr1lHLCx:APA91bGo3kMDWcaVSWwMRq6iC-BqQ9d0_LKSj64-6Mdhsdr0pEtpD4YDxUVlldWFbEEZLMZA-Lk4MLshc4XJmsDBs2WdYCC_WgO1TefE2dxDK5ATL2Lnp4Q0Cvwq6Ku8MJpnmam-yKZV'),
(67, '20170501', 'CS112', NULL, NULL, NULL, NULL, 'eU2Qirc5Rq-Kf0dr1lHLCx:APA91bGo3kMDWcaVSWwMRq6iC-BqQ9d0_LKSj64-6Mdhsdr0pEtpD4YDxUVlldWFbEEZLMZA-Lk4MLshc4XJmsDBs2WdYCC_WgO1TefE2dxDK5ATL2Lnp4Q0Cvwq6Ku8MJpnmam-yKZV');

-- --------------------------------------------------------

--
-- Table structure for table `studentresults`
--

CREATE TABLE `studentresults` (
  `id` int(11) NOT NULL,
  `number_of_attendance` int(11) NOT NULL,
  `year_works` float NOT NULL,
  `course_id` varchar(100) NOT NULL,
  `student_id` varchar(100) NOT NULL,
  `finalresult` float NOT NULL
) ENGINE=InnoDB DEFAULT CHARSET=utf8mb4 COLLATE=utf8mb4_0900_ai_ci;

--
-- Dumping data for table `studentresults`
--

INSERT INTO `studentresults` (`id`, `number_of_attendance`, `year_works`, `course_id`, `student_id`, `finalresult`) VALUES
(501, 0, 38.1819, 'IS215', '20170001', 33),
(502, 19, 39.217, 'IS215', '20170002', 25),
(503, 4, 38.7748, 'IS215', '20170003', 49),
(504, 5, 36.0503, 'IS215', '20170004', 51),
(505, 5, 26.164, 'IS215', '20170005', 30),
(506, 18, 37.2854, 'IS215', '20170006', 42),
(507, 0, 35.4615, 'IS215', '20170007', 59),
(508, 7, 41.4161, 'IS215', '20170008', 58),
(509, 6, 29.1213, 'IS215', '20170009', 34),
(510, 11, 30.6312, 'IS215', '20170010', 51),
(511, 2, 22.406, 'IS215', '20170011', 55),
(512, 6, 36.7674, 'IS215', '20170012', 33),
(513, 15, 49.101, 'IS215', '20170013', 30),
(514, 12, 33.9498, 'IS215', '20170014', 42),
(515, 3, 42.9462, 'IS215', '20170015', 36),
(516, 14, 6.64587, 'IS215', '20170016', 58),
(517, 2, 21.7418, 'IS215', '20170017', 34),
(518, 8, 28.8275, 'IS215', '20170018', 25),
(519, 1, 24.1097, 'IS215', '20170019', 23),
(520, 12, 16.4403, 'IS215', '20170020', 43),
(521, 10, 33.2315, 'IS215', '20170021', 33),
(522, 5, 39.5272, 'IS215', '20170022', 54),
(523, 15, 37.1398, 'IS215', '20170023', 43),
(524, 7, 46.0919, 'IS215', '20170024', 39),
(525, 7, 46.996, 'IS215', '20170025', 52),
(526, 1, 38.1994, 'IS215', '20170026', 34),
(527, 8, 42.6828, 'IS215', '20170027', 36),
(528, 5, 39.5096, 'IS215', '20170028', 58),
(529, 13, 47.7987, 'IS215', '20170029', 55),
(530, 7, 36.3619, 'IS215', '20170030', 37),
(531, 17, 35.3348, 'IS215', '20170031', 26),
(532, 7, 31.5224, 'IS215', '20170032', 22),
(533, 19, 41.1345, 'IS215', '20170033', 44),
(534, 19, 23.3254, 'IS215', '20170034', 46),
(535, 5, 44.4944, 'IS215', '20170035', 36),
(536, 0, 34.1707, 'IS215', '20170036', 20),
(537, 8, 30.8564, 'IS215', '20170037', 24),
(538, 17, 23.6167, 'IS215', '20170038', 32),
(539, 7, 38.3648, 'IS215', '20170039', 27),
(540, 13, 41.3059, 'IS215', '20170040', 57),
(541, 7, 39.1425, 'IS215', '20170041', 23),
(542, 5, 46.1331, 'IS215', '20170042', 57),
(543, 9, 27.9095, 'IS215', '20170043', 29),
(544, 1, 26.6057, 'IS215', '20170044', 57),
(545, 3, 39.9465, 'IS215', '20170045', 57),
(546, 8, 30.4329, 'IS215', '20170046', 28),
(547, 14, 32.6841, 'IS215', '20170047', 36),
(548, 7, 29.7858, 'IS215', '20170048', 31),
(549, 16, 32.94, 'IS215', '20170049', 60),
(550, 8, 20.2451, 'IS215', '20170050', 56),
(551, 3, 37.2372, 'IS215', '20170051', 28),
(552, 0, 29.6778, 'IS215', '20170052', 42),
(553, 8, 31.4055, 'IS215', '20170053', 26),
(554, 0, 16.9986, 'IS215', '20170054', 44),
(555, 12, 27.4559, 'IS215', '20170055', 32),
(556, 13, 26.4657, 'IS215', '20170056', 43),
(557, 7, 35.4632, 'IS215', '20170057', 28),
(558, 20, 28.0389, 'IS215', '20170058', 34),
(559, 16, 54.2552, 'IS215', '20170059', 37),
(560, 7, 35.5299, 'IS215', '20170060', 47),
(561, 9, 23.6303, 'IS215', '20170061', 52),
(562, 20, 26.6666, 'IS215', '20170062', 35),
(563, 14, 38.9128, 'IS215', '20170063', 22),
(564, 8, 34.9245, 'IS215', '20170064', 54),
(565, 18, 31.292, 'IS215', '20170065', 52),
(566, 7, 36.0815, 'IS215', '20170066', 36),
(567, 16, 28.0685, 'IS215', '20170067', 59),
(568, 18, 32.6201, 'IS215', '20170068', 31),
(569, 12, 38.2215, 'IS215', '20170069', 55),
(570, 10, 35.7338, 'IS215', '20170070', 37),
(571, 1, 29.8986, 'IS215', '20170071', 52),
(572, 11, 19.4313, 'IS215', '20170072', 57),
(573, 13, 35.2192, 'IS215', '20170073', 31),
(574, 0, 38.4744, 'IS215', '20170074', 58),
(575, 18, 47.193, 'IS215', '20170075', 20),
(576, 16, 50.3301, 'IS215', '20170076', 20),
(577, 9, 28.4261, 'IS215', '20170077', 54),
(578, 13, 46.7615, 'IS215', '20170078', 51),
(579, 0, 36.297, 'IS215', '20170079', 48),
(580, 12, 41.5319, 'IS215', '20170080', 23),
(581, 18, 40.0969, 'IS215', '20170081', 26),
(582, 15, 41.6475, 'IS215', '20170082', 50),
(583, 15, 41.3978, 'IS215', '20170083', 51),
(584, 1, 28.0806, 'IS215', '20170084', 45),
(585, 19, 31.0131, 'IS215', '20170085', 51),
(586, 15, 47.2939, 'IS215', '20170086', 45),
(587, 11, 49.726, 'IS215', '20170087', 55),
(588, 17, 41.482, 'IS215', '20170088', 38),
(589, 13, 21.1194, 'IS215', '20170089', 59),
(590, 1, 38.9338, 'IS215', '20170090', 35),
(591, 7, 33.6105, 'IS215', '20170091', 55),
(592, 6, 41.06, 'IS215', '20170092', 38),
(593, 14, 45.9979, 'IS215', '20170093', 50),
(594, 9, 45.2843, 'IS215', '20170094', 33),
(595, 15, 32.21, 'IS215', '20170095', 28),
(596, 3, 36.1768, 'IS215', '20170096', 31),
(597, 7, 30.5116, 'IS215', '20170097', 39),
(598, 0, 40.7029, 'IS215', '20170098', 44),
(599, 10, 37.9692, 'IS215', '20170099', 35),
(600, 10, 26.3333, 'IS215', '20170100', 54),
(601, 18, 18.1574, 'IS215', '20170101', 52),
(602, 19, 37.6707, 'IS215', '20170102', 50),
(603, 19, 25.9383, 'IS215', '20170103', 55),
(604, 3, 26.0578, 'IS215', '20170104', 40),
(605, 15, 41.7428, 'IS215', '20170105', 43),
(606, 19, 46.6449, 'IS215', '20170106', 56),
(607, 18, 27.4793, 'IS215', '20170107', 24),
(608, 17, 38.5943, 'IS215', '20170108', 52),
(609, 16, 18.4702, 'IS215', '20170109', 25),
(610, 15, 35.0731, 'IS215', '20170110', 24),
(611, 3, 26.9362, 'IS215', '20170111', 37),
(612, 17, 40.9077, 'IS215', '20170112', 20),
(613, 0, 35.0366, 'IS215', '20170113', 20),
(614, 5, 21.7426, 'IS215', '20170114', 39),
(615, 0, 31.7687, 'IS215', '20170115', 57),
(616, 17, 40.6278, 'IS215', '20170116', 50),
(617, 13, 44.6288, 'IS215', '20170117', 22),
(618, 9, 24.6638, 'IS215', '20170118', 24),
(619, 13, 35.6477, 'IS215', '20170119', 22),
(620, 7, 26.2461, 'IS215', '20170120', 45),
(621, 4, 37.3108, 'IS215', '20170121', 41),
(622, 0, 41.3227, 'IS215', '20170122', 24),
(623, 14, 29.8244, 'IS215', '20170123', 27),
(624, 8, 33.8731, 'IS215', '20170124', 41),
(625, 13, 27.6422, 'IS215', '20170125', 25),
(626, 13, 41.5807, 'IS215', '20170126', 39),
(627, 16, 38.688, 'IS215', '20170127', 20),
(628, 19, 39.2691, 'IS215', '20170128', 47),
(629, 3, 26.7249, 'IS215', '20170129', 58),
(630, 12, 38.1212, 'IS215', '20170130', 55),
(631, 19, 33.5544, 'IS215', '20170131', 52),
(632, 15, 34.9549, 'IS215', '20170132', 38),
(633, 6, 22.3447, 'IS215', '20170133', 20),
(634, 9, 28.3188, 'IS215', '20170134', 54),
(635, 5, 31.1927, 'IS215', '20170135', 55),
(636, 11, 43.0824, 'IS215', '20170136', 26),
(637, 8, 37.4471, 'IS215', '20170137', 36),
(638, 10, 40.854, 'IS215', '20170138', 47),
(639, 16, 30.307, 'IS215', '20170139', 40),
(640, 10, 26.6383, 'IS215', '20170140', 51),
(641, 17, 36.4295, 'IS215', '20170141', 59),
(642, 3, 32.0326, 'IS215', '20170142', 30),
(643, 16, 29.9133, 'IS215', '20170143', 32),
(644, 6, 31.683, 'IS215', '20170144', 45),
(645, 7, 44.9405, 'IS215', '20170145', 23),
(646, 11, 29.3864, 'IS215', '20170146', 41),
(647, 14, 18.7768, 'IS215', '20170147', 25),
(648, 17, 50.7572, 'IS215', '20170148', 55),
(649, 18, 40.0893, 'IS215', '20170149', 23),
(650, 15, 42.3409, 'IS215', '20170150', 28),
(651, 15, 39.8463, 'IS215', '20170151', 29),
(652, 16, 40.5202, 'IS215', '20170152', 31),
(653, 13, 39.4867, 'IS215', '20170153', 23),
(654, 1, 39.5024, 'IS215', '20170154', 45),
(655, 8, 33.8559, 'IS215', '20170155', 39),
(656, 5, 35.3771, 'IS215', '20170156', 31),
(657, 10, 35.2766, 'IS215', '20170157', 40),
(658, 20, 27.8341, 'IS215', '20170158', 26),
(659, 16, 43.6097, 'IS215', '20170159', 33),
(660, 2, 38.5651, 'IS215', '20170160', 28),
(661, 2, 33.5282, 'IS215', '20170161', 30),
(662, 20, 33.9909, 'IS215', '20170162', 46),
(663, 14, 41.6756, 'IS215', '20170163', 50),
(664, 9, 42.0802, 'IS215', '20170164', 31),
(665, 4, 34.0438, 'IS215', '20170165', 44),
(666, 14, 46.0664, 'IS215', '20170166', 24),
(667, 9, 29.2869, 'IS215', '20170167', 53),
(668, 11, 30.8081, 'IS215', '20170168', 47),
(669, 0, 33.0406, 'IS215', '20170169', 51),
(670, 12, 39.2503, 'IS215', '20170170', 39),
(671, 13, 36.1479, 'IS215', '20170171', 39),
(672, 9, 44.5685, 'IS215', '20170172', 46),
(673, 4, 19.6211, 'IS215', '20170173', 42),
(674, 6, 32.6726, 'IS215', '20170174', 35),
(675, 7, 37.9506, 'IS215', '20170175', 59),
(676, 3, 30.2711, 'IS215', '20170176', 35),
(677, 4, 42.9107, 'IS215', '20170177', 49),
(678, 19, 42.5887, 'IS215', '20170178', 57),
(679, 1, 23.1762, 'IS215', '20170179', 33),
(680, 16, 25.6261, 'IS215', '20170180', 49),
(681, 9, 33.6255, 'IS215', '20170181', 24),
(682, 8, 45.7949, 'IS215', '20170182', 22),
(683, 12, 38.9738, 'IS215', '20170183', 41),
(684, 6, 28.8356, 'IS215', '20170184', 57),
(685, 9, 43.1039, 'IS215', '20170185', 38),
(686, 14, 36.5142, 'IS215', '20170186', 37),
(687, 3, 41.1568, 'IS215', '20170187', 25),
(688, 15, 36.9493, 'IS215', '20170188', 26),
(689, 11, 41.9546, 'IS215', '20170189', 32),
(690, 1, 29.8901, 'IS215', '20170190', 56),
(691, 13, 38.8291, 'IS215', '20170191', 26),
(692, 15, 42.6537, 'IS215', '20170192', 53),
(693, 19, 24.9906, 'IS215', '20170193', 38),
(694, 4, 25.3306, 'IS215', '20170194', 56),
(695, 19, 29.9776, 'IS215', '20170195', 51),
(696, 18, 36.7233, 'IS215', '20170196', 44),
(697, 16, 40.3183, 'IS215', '20170197', 59),
(698, 9, 41.5207, 'IS215', '20170198', 53),
(699, 12, 47.1997, 'IS215', '20170199', 42),
(700, 17, 34.96, 'IS215', '20170200', 47),
(701, 11, 39.1106, 'IS215', '20170201', 56),
(702, 4, 32.3937, 'IS215', '20170202', 23),
(703, 0, 22.708, 'IS215', '20170203', 25),
(704, 7, 35.9309, 'IS215', '20170204', 44),
(705, 7, 44.9173, 'IS215', '20170205', 60),
(706, 9, 40.6626, 'IS215', '20170206', 23),
(707, 13, 48.0103, 'IS215', '20170207', 22),
(708, 4, 37.6405, 'IS215', '20170208', 33),
(709, 3, 21.7235, 'IS215', '20170209', 22),
(710, 15, 46.9882, 'IS215', '20170210', 45),
(711, 3, 39.1898, 'IS215', '20170211', 20),
(712, 2, 37.1981, 'IS215', '20170212', 32),
(713, 12, 38.9871, 'IS215', '20170213', 49),
(714, 7, 40.666, 'IS215', '20170214', 25),
(715, 10, 25.65, 'IS215', '20170215', 32),
(716, 6, 29.6111, 'IS215', '20170216', 39),
(717, 4, 42.487, 'IS215', '20170217', 46),
(718, 16, 27.9225, 'IS215', '20170218', 48),
(719, 6, 42.3485, 'IS215', '20170219', 57),
(720, 10, 34.1157, 'IS215', '20170220', 60),
(721, 20, 30.8905, 'IS215', '20170221', 57),
(722, 20, 44.5684, 'IS215', '20170222', 38),
(723, 18, 25.6872, 'IS215', '20170223', 58),
(724, 3, 24.9996, 'IS215', '20170224', 51),
(725, 15, 29.4487, 'IS215', '20170225', 46),
(726, 6, 35.0535, 'IS215', '20170226', 30),
(727, 1, 14.0851, 'IS215', '20170227', 39),
(728, 4, 28.3261, 'IS215', '20170228', 41),
(729, 7, 40.128, 'IS215', '20170229', 27),
(730, 20, 24.1849, 'IS215', '20170230', 39),
(731, 4, 40.8672, 'IS215', '20170231', 51),
(732, 11, 37.5847, 'IS215', '20170232', 53),
(733, 16, 31.7965, 'IS215', '20170233', 52),
(734, 9, 31.2973, 'IS215', '20170234', 43),
(735, 4, 48.1346, 'IS215', '20170235', 46),
(736, 3, 35.2976, 'IS215', '20170236', 25),
(737, 10, 43.3396, 'IS215', '20170237', 42),
(738, 15, 47.4132, 'IS215', '20170238', 52),
(739, 17, 36.3991, 'IS215', '20170239', 28),
(740, 9, 36.4934, 'IS215', '20170240', 25),
(741, 4, 33.6868, 'IS215', '20170241', 32),
(742, 5, 22.7894, 'IS215', '20170242', 25),
(743, 6, 31.6795, 'IS215', '20170243', 31),
(744, 7, 33.2965, 'IS215', '20170244', 30),
(745, 17, 33.3422, 'IS215', '20170245', 49),
(746, 10, 33.3021, 'IS215', '20170246', 35),
(747, 18, 37.4056, 'IS215', '20170247', 53),
(748, 3, 42.9148, 'IS215', '20170248', 39),
(749, 17, 45.6138, 'IS215', '20170249', 56),
(750, 20, 33.5444, 'IS215', '20170250', 41),
(751, 0, 39.2521, 'IS215', '20170251', 60),
(752, 4, 43.0788, 'IS215', '20170252', 40),
(753, 12, 34.5693, 'IS215', '20170253', 27),
(754, 11, 31.4163, 'IS215', '20170254', 40),
(755, 1, 27.0032, 'IS215', '20170255', 55),
(756, 9, 35.9706, 'IS215', '20170256', 48),
(757, 4, 46.1733, 'IS215', '20170257', 46),
(758, 10, 25.1141, 'IS215', '20170258', 59),
(759, 8, 39.0208, 'IS215', '20170259', 25),
(760, 16, 26.3432, 'IS215', '20170260', 42),
(761, 6, 28.9759, 'IS215', '20170261', 50),
(762, 19, 35.5867, 'IS215', '20170262', 37),
(763, 3, 34.2727, 'IS215', '20170263', 29),
(764, 16, 27.7497, 'IS215', '20170264', 22),
(765, 6, 35.2273, 'IS215', '20170265', 51),
(766, 8, 25.6836, 'IS215', '20170266', 29),
(767, 10, 37.6829, 'IS215', '20170267', 28),
(768, 18, 45.2187, 'IS215', '20170268', 25),
(769, 1, 29.7539, 'IS215', '20170269', 32),
(770, 0, 16.2721, 'IS215', '20170270', 36),
(771, 11, 45.5211, 'IS215', '20170271', 20),
(772, 13, 20.5051, 'IS215', '20170272', 22),
(773, 14, 34.2524, 'IS215', '20170273', 35),
(774, 5, 43.9644, 'IS215', '20170274', 37),
(775, 20, 36.0539, 'IS215', '20170275', 54),
(776, 16, 44.7129, 'IS215', '20170276', 26),
(777, 15, 28.9056, 'IS215', '20170277', 40),
(778, 18, 49.9616, 'IS215', '20170278', 56),
(779, 8, 33.8413, 'IS215', '20170279', 32),
(780, 2, 38.3557, 'IS215', '20170280', 52),
(781, 13, 32.6752, 'IS215', '20170281', 21),
(782, 18, 45.8669, 'IS215', '20170282', 51),
(783, 5, 25.4802, 'IS215', '20170283', 54),
(784, 3, 38.8376, 'IS215', '20170284', 38),
(785, 19, 31.9228, 'IS215', '20170285', 24),
(786, 6, 38.0794, 'IS215', '20170286', 41),
(787, 12, 41.0621, 'IS215', '20170287', 25),
(788, 5, 46.0889, 'IS215', '20170288', 58),
(789, 18, 43.4818, 'IS215', '20170289', 43),
(790, 8, 34.416, 'IS215', '20170290', 48),
(791, 1, 37.5144, 'IS215', '20170291', 48),
(792, 19, 44.8152, 'IS215', '20170292', 46),
(793, 11, 18.4365, 'IS215', '20170293', 39),
(794, 8, 34.1828, 'IS215', '20170294', 54),
(795, 5, 23.4935, 'IS215', '20170295', 25),
(796, 19, 31.8441, 'IS215', '20170296', 29),
(797, 4, 34.1179, 'IS215', '20170297', 26),
(798, 14, 43.345, 'IS215', '20170298', 26),
(799, 13, 35.1324, 'IS215', '20170299', 40),
(800, 15, 22.2488, 'IS215', '20170300', 27),
(801, 18, 47.9561, 'IS215', '20170301', 47),
(802, 8, 42.7425, 'IS215', '20170302', 21),
(803, 19, 35.5387, 'IS215', '20170303', 21),
(804, 14, 36.851, 'IS215', '20170304', 35),
(805, 4, 41.1393, 'IS215', '20170305', 56),
(806, 19, 29.7765, 'IS215', '20170306', 36),
(807, 19, 45.052, 'IS215', '20170307', 45),
(808, 1, 41.9838, 'IS215', '20170308', 22),
(809, 13, 32.2578, 'IS215', '20170309', 24),
(810, 18, 37.6257, 'IS215', '20170310', 49),
(811, 9, 29.4514, 'IS215', '20170311', 21),
(812, 12, 39.7304, 'IS215', '20170312', 38),
(813, 7, 21.016, 'IS215', '20170313', 23),
(814, 4, 32.8641, 'IS215', '20170314', 49),
(815, 0, 29.8674, 'IS215', '20170315', 57),
(816, 5, 35.3764, 'IS215', '20170316', 48),
(817, 9, 35.2285, 'IS215', '20170317', 46),
(818, 7, 42.477, 'IS215', '20170318', 31),
(819, 3, 40.8698, 'IS215', '20170319', 36),
(820, 0, 31.187, 'IS215', '20170320', 20),
(821, 3, 30.3126, 'IS215', '20170321', 40),
(822, 13, 26.5035, 'IS215', '20170322', 21),
(823, 17, 40.6897, 'IS215', '20170323', 30),
(824, 20, 33.2897, 'IS215', '20170324', 55),
(825, 18, 45.2364, 'IS215', '20170325', 48),
(826, 12, 21.7359, 'IS215', '20170326', 37),
(827, 17, 45.292, 'IS215', '20170327', 20),
(828, 16, 32.4034, 'IS215', '20170328', 57),
(829, 16, 42.2107, 'IS215', '20170329', 52),
(830, 2, 30.2197, 'IS215', '20170330', 36),
(831, 14, 39.7525, 'IS215', '20170331', 25),
(832, 7, 34.6608, 'IS215', '20170332', 43),
(833, 7, 40.4501, 'IS215', '20170333', 35),
(834, 0, 35.8568, 'IS215', '20170334', 28),
(835, 8, 32.5819, 'IS215', '20170335', 50),
(836, 9, 49.1055, 'IS215', '20170336', 36),
(837, 20, 41.9765, 'IS215', '20170337', 34),
(838, 7, 37.6576, 'IS215', '20170338', 28),
(839, 14, 21.7931, 'IS215', '20170339', 24),
(840, 6, 14.4994, 'IS215', '20170340', 30),
(841, 20, 48.0995, 'IS215', '20170341', 32),
(842, 15, 26.2795, 'IS215', '20170342', 41),
(843, 17, 48.029, 'IS215', '20170343', 57),
(844, 6, 38.7336, 'IS215', '20170344', 47),
(845, 9, 40.2422, 'IS215', '20170345', 55),
(846, 12, 29.7959, 'IS215', '20170346', 37),
(847, 16, 34.1895, 'IS215', '20170347', 53),
(848, 1, 49.6293, 'IS215', '20170348', 58),
(849, 8, 36.3136, 'IS215', '20170349', 33),
(850, 8, 49.2692, 'IS215', '20170350', 56),
(851, 14, 26.6727, 'IS215', '20170351', 42),
(852, 19, 38.539, 'IS215', '20170352', 52),
(853, 0, 36.9819, 'IS215', '20170353', 35),
(854, 10, 34.3001, 'IS215', '20170354', 25),
(855, 9, 35.3664, 'IS215', '20170355', 57),
(856, 1, 35.3077, 'IS215', '20170356', 37),
(857, 13, 38.3147, 'IS215', '20170357', 32),
(858, 10, 36.8719, 'IS215', '20170358', 58),
(859, 19, 32.25, 'IS215', '20170359', 56),
(860, 11, 34.4611, 'IS215', '20170360', 39),
(861, 12, 27.6439, 'IS215', '20170361', 42),
(862, 20, 37.1818, 'IS215', '20170362', 30),
(863, 7, 48.139, 'IS215', '20170363', 52),
(864, 5, 40.0424, 'IS215', '20170364', 22),
(865, 15, 19.0083, 'IS215', '20170365', 35),
(866, 4, 27.1492, 'IS215', '20170366', 54),
(867, 11, 28.0124, 'IS215', '20170367', 47),
(868, 4, 41.4072, 'IS215', '20170368', 39),
(869, 14, 38.7135, 'IS215', '20170369', 45),
(870, 18, 50.4808, 'IS215', '20170370', 32),
(871, 11, 31.6278, 'IS215', '20170371', 37),
(872, 4, 40.5996, 'IS215', '20170372', 44),
(873, 8, 36.2636, 'IS215', '20170373', 57),
(874, 18, 37.503, 'IS215', '20170374', 38),
(875, 19, 26.578, 'IS215', '20170375', 60),
(876, 12, 29.6091, 'IS215', '20170376', 37),
(877, 9, 50.2301, 'IS215', '20170377', 50),
(878, 8, 39.4122, 'IS215', '20170378', 59),
(879, 18, 36.5791, 'IS215', '20170379', 52),
(880, 16, 42.1569, 'IS215', '20170380', 20),
(881, 8, 37.7784, 'IS215', '20170381', 52),
(882, 13, 27.4902, 'IS215', '20170382', 44),
(883, 17, 39.4213, 'IS215', '20170383', 46),
(884, 7, 25.6003, 'IS215', '20170384', 35),
(885, 5, 45.0203, 'IS215', '20170385', 20),
(886, 18, 28.7459, 'IS215', '20170386', 26),
(887, 17, 24.4865, 'IS215', '20170387', 60),
(888, 7, 22.7346, 'IS215', '20170388', 29),
(889, 2, 30.2521, 'IS215', '20170389', 60),
(890, 9, 46.8738, 'IS215', '20170390', 38),
(891, 12, 37.1515, 'IS215', '20170391', 44),
(892, 2, 39.3002, 'IS215', '20170392', 32),
(893, 15, 45.1077, 'IS215', '20170393', 60),
(894, 20, 28.1801, 'IS215', '20170394', 36),
(895, 10, 40.7178, 'IS215', '20170395', 50),
(896, 17, 46.5736, 'IS215', '20170396', 33),
(897, 15, 37.0756, 'IS215', '20170397', 56),
(898, 4, 45.125, 'IS215', '20170398', 58),
(899, 17, 29.0835, 'IS215', '20170399', 22),
(900, 9, 40.641, 'IS215', '20170400', 59),
(901, 13, 45.8193, 'IS215', '20170401', 26),
(902, 1, 47.8103, 'IS215', '20170402', 39),
(903, 14, 35.7718, 'IS215', '20170403', 21),
(904, 3, 36.8866, 'IS215', '20170404', 58),
(905, 18, 36.4786, 'IS215', '20170405', 60),
(906, 20, 32.6696, 'IS215', '20170406', 48),
(907, 17, 36.0639, 'IS215', '20170407', 27),
(908, 20, 30.4684, 'IS215', '20170408', 45),
(909, 17, 22.8737, 'IS215', '20170409', 21),
(910, 18, 40.2075, 'IS215', '20170410', 47),
(911, 8, 42.8996, 'IS215', '20170411', 57),
(912, 20, 34.8042, 'IS215', '20170412', 45),
(913, 14, 22.389, 'IS215', '20170413', 28),
(914, 18, 25.9066, 'IS215', '20170414', 20),
(915, 0, 24.0242, 'IS215', '20170415', 48),
(916, 20, 38.4296, 'IS215', '20170416', 47),
(917, 0, 34.0985, 'IS215', '20170417', 51),
(918, 12, 40.6055, 'IS215', '20170418', 52),
(919, 1, 22.3003, 'IS215', '20170419', 40),
(920, 7, 44.7547, 'IS215', '20170420', 36),
(921, 12, 27.3869, 'IS215', '20170421', 20),
(922, 2, 38.9902, 'IS215', '20170422', 57),
(923, 8, 33.8719, 'IS215', '20170423', 37),
(924, 5, 25.21, 'IS215', '20170424', 25),
(925, 18, 38.1923, 'IS215', '20170425', 24),
(926, 6, 42.4395, 'IS215', '20170426', 22),
(927, 19, 37.7618, 'IS215', '20170427', 52),
(928, 14, 40.0015, 'IS215', '20170428', 28),
(929, 3, 33.6462, 'IS215', '20170429', 39),
(930, 1, 35.7645, 'IS215', '20170430', 25),
(931, 10, 38.1443, 'IS215', '20170431', 27),
(932, 14, 49.9, 'IS215', '20170432', 48),
(933, 6, 33.5158, 'IS215', '20170433', 28),
(934, 19, 29.9115, 'IS215', '20170434', 43),
(935, 9, 35.7995, 'IS215', '20170435', 44),
(936, 2, 34.9874, 'IS215', '20170436', 20),
(937, 6, 39.0622, 'IS215', '20170437', 34),
(938, 15, 40.8543, 'IS215', '20170438', 43),
(939, 15, 34.8549, 'IS215', '20170439', 39),
(940, 17, 37.4471, 'IS215', '20170440', 36),
(941, 5, 32.0169, 'IS215', '20170441', 23),
(942, 4, 32.8624, 'IS215', '20170442', 26),
(943, 11, 25.6348, 'IS215', '20170443', 24),
(944, 3, 31.5314, 'IS215', '20170444', 47),
(945, 2, 42.346, 'IS215', '20170445', 31),
(946, 8, 38.7946, 'IS215', '20170446', 59),
(947, 14, 40.1552, 'IS215', '20170447', 43),
(948, 4, 20.8695, 'IS215', '20170448', 42),
(949, 7, 34.2327, 'IS215', '20170449', 48),
(950, 4, 44.8319, 'IS215', '20170450', 24),
(951, 1, 42.4542, 'IS215', '20170451', 43),
(952, 15, 46.7999, 'IS215', '20170452', 59),
(953, 20, 40.9428, 'IS215', '20170453', 58),
(954, 3, 29.5288, 'IS215', '20170454', 54),
(955, 3, 29.4828, 'IS215', '20170455', 47),
(956, 19, 32.6707, 'IS215', '20170456', 30),
(957, 20, 37.9186, 'IS215', '20170457', 48),
(958, 3, 30.8496, 'IS215', '20170458', 21),
(959, 11, 31.1204, 'IS215', '20170459', 22),
(960, 3, 50.509, 'IS215', '20170460', 30),
(961, 2, 48.3675, 'IS215', '20170461', 55),
(962, 0, 16.4524, 'IS215', '20170462', 30),
(963, 15, 39.8621, 'IS215', '20170463', 52),
(964, 11, 34.8517, 'IS215', '20170464', 40),
(965, 12, 36.3159, 'IS215', '20170465', 52),
(966, 12, 32.3633, 'IS215', '20170466', 20),
(967, 13, 35.462, 'IS215', '20170467', 41),
(968, 12, 31.6572, 'IS215', '20170468', 52),
(969, 18, 44.486, 'IS215', '20170469', 51),
(970, 14, 45.244, 'IS215', '20170470', 55),
(971, 3, 40.9081, 'IS215', '20170471', 47),
(972, 9, 39.9809, 'IS215', '20170472', 40),
(973, 8, 44.7988, 'IS215', '20170473', 48),
(974, 5, 38.2998, 'IS215', '20170474', 42),
(975, 4, 43.4354, 'IS215', '20170475', 46),
(976, 15, 45.9611, 'IS215', '20170476', 42),
(977, 3, 35.4701, 'IS215', '20170477', 39),
(978, 9, 43.7288, 'IS215', '20170478', 47),
(979, 17, 38.7207, 'IS215', '20170479', 47),
(980, 5, 38.3512, 'IS215', '20170480', 58),
(981, 16, 31.8896, 'IS215', '20170481', 36),
(982, 14, 26.881, 'IS215', '20170482', 50),
(983, 19, 30.9013, 'IS215', '20170483', 42),
(984, 14, 41.4139, 'IS215', '20170484', 45),
(985, 12, 38.8535, 'IS215', '20170485', 51),
(986, 7, 31.6026, 'IS215', '20170486', 31),
(987, 8, 25.8973, 'IS215', '20170487', 48),
(988, 16, 51.1962, 'IS215', '20170488', 59),
(989, 13, 32.718, 'IS215', '20170489', 51),
(990, 3, 24.3305, 'IS215', '20170490', 29),
(991, 5, 37.1741, 'IS215', '20170491', 55),
(992, 11, 32.6948, 'IS215', '20170492', 47),
(993, 20, 38.2746, 'IS215', '20170493', 35),
(994, 15, 38.3986, 'IS215', '20170494', 54),
(995, 17, 26.6517, 'IS215', '20170495', 35),
(996, 20, 33.5574, 'IS215', '20170496', 32),
(997, 5, 45.925, 'IS215', '20170497', 56),
(998, 14, 34.7334, 'IS215', '20170498', 20),
(999, 17, 31.2413, 'IS215', '20170499', 58),
(1000, 5, 41.145, 'IS215', '20170500', 48);

-- --------------------------------------------------------

--
-- Table structure for table `students`
--

CREATE TABLE `students` (
  `student_id` varchar(100) NOT NULL,
  `Fname` varchar(50) NOT NULL,
  `Lname` varchar(50) NOT NULL,
  `email` varchar(255) NOT NULL,
  `password` varchar(255) NOT NULL
) ENGINE=InnoDB DEFAULT CHARSET=utf8mb4 COLLATE=utf8mb4_0900_ai_ci;

--
-- Dumping data for table `students`
--

INSERT INTO `students` (`student_id`, `Fname`, `Lname`, `email`, `password`) VALUES
('20170001', 'Amber', 'Yundt', 'mohamed.3ashour07@gmail.com', '*3O+Lxv+Og~6,M,%WIB'),
('20170002', 'Zena', 'Olson', 'emanayman657@gmail.com', 'Cy{Sq]N^h?1D#'),
('20170003', 'Gloria', 'Price', 'aankhalaf29673@gmail.com', 'FJa3jlL;I<`B'),
('20170004', 'Julio', 'Eichmann', 'tlebsack@torp.com', 'RGYmkl2^Xs'),
('20170005', 'Lurline', 'Kuhn', 'mgleichner@ferry.com', 'N,Fgr!\":vW6vN\'1&10'),
('20170006', 'Bailee', 'Spinka', 'lkuphal@padberg.com', '{rW)(gr+qA'),
('20170007', 'Cynthia', 'Sipes', 'stokes.dustin@oreilly.org', '|/R`h+\"@a?y)'),
('20170008', 'Lenna', 'Witting', 'parisian.herbert@nitzsche.com', 'etQ\"Q?I~yGUE472zF'),
('20170009', 'Maximilian', 'Crist', 'weber.laisha@yahoo.com', '`<dhZWf'),
('20170010', 'Velma', 'Gorczany', 'feil.dexter@gmail.com', '<G732_`~We>srhAymX'),
('20170011', 'Colin', 'Graham', 'fmclaughlin@hotmail.com', 'o5[}_z,Z_'),
('20170012', 'Diana', 'Cassin', 'klarkin@ryan.org', 's0(RaTTM$KXqdTg'),
('20170013', 'Hailey', 'Kessler', 'maryjane45@bednar.com', 'd4jHi:{>Hb`'),
('20170014', 'Adele', 'Kunde', 'reichert.cecile@hotmail.com', '5K0yAeAXe)t<A{E\''),
('20170015', 'Dawson', 'Volkman', 'condricka@yost.com', 'fR@0_OMp?<2}M`q3'),
('20170016', 'Yoshiko', 'Green', 'georgette31@hotmail.com', ':@X%[Od23+\"GdNX'),
('20170017', 'Ellsworth', 'Jakubowski', 'rogahn.estrella@stiedemann.net', 'Mnd?S52~~dv\'Yp'),
('20170018', 'Matt', 'Wilkinson', 'cronin.harvey@hotmail.com', 'JMjO9mm-;16'),
('20170019', 'Helena', 'Hodkiewicz', 'ksmitham@gmail.com', 'CTzR7|a6;q|{txq'),
('20170020', 'Lori', 'Streich', 'lrempel@schmitt.com', 'y&%7Eq;NCR9e3BhJ'),
('20170021', 'Thora', 'Kuhn', 'abbey.flatley@eichmann.info', 'BkM_8vK[P}>=V6'),
('20170022', 'Amelia', 'Kshlerin', 'auer.taylor@gmail.com', ':eF_>zs+9^pzsd,B21'),
('20170023', 'Velda', 'Kuvalis', 'loy76@yahoo.com', 'XEH2a1M>DjS2}'),
('20170024', 'Ian', 'Ullrich', 'margarete00@medhurst.org', 'F*7AS\'/.rWwM`upFv'),
('20170025', 'Theo', 'Bernier', 'roberta.emmerich@yahoo.com', '{Uo$TVAl\"aa7w?!,2~'),
('20170026', 'Devon', 'Jenkins', 'grady.laila@gmail.com', 'RuT2KhGDoFln--&yrvm+'),
('20170027', 'Raegan', 'Keeling', 'paige42@hagenes.com', 'Sr>!2kZf>A)tGAl<'),
('20170028', 'Edgar', 'Conn', 'jacques46@gmail.com', 'bfCT^:L5SFd4DeNy'),
('20170029', 'Enoch', 'Abbott', 'hermiston.hilton@botsford.biz', '(/4fGga9#'),
('20170030', 'Leonel', 'Volkman', 'elroy.mccullough@yahoo.com', 'g`%m~`I]NY((0T'),
('20170031', 'Weldon', 'Lehner', 'kris.marlee@zieme.info', '(P\">0CQk`nm^F1'),
('20170032', 'Gretchen', 'Mills', 'fritz36@willms.info', '>87P)Bj\\e'),
('20170033', 'Filomena', 'Rohan', 'anastasia86@halvorson.net', 'yY7Tj,yF|g@'),
('20170034', 'Titus', 'Hodkiewicz', 'hazle.johnston@yahoo.com', ',/TYr,RC8\\U\'^t;x'),
('20170035', 'Gregory', 'Terry', 'olittel@hotmail.com', '2TM_X?\'{,zvl~'),
('20170036', 'Margot', 'Rempel', 'fadel.domenica@hotmail.com', 'yOMa)S<I~j`N7=SV'),
('20170037', 'Mazie', 'Moen', 'xhegmann@bauch.com', 'gxjk\'gBM>E\'{'),
('20170038', 'Elinor', 'Weissnat', 'gretchen.upton@lowe.biz', '@SDiqs:+Rd%Lhis&eYAf'),
('20170039', 'Dorian', 'Johnston', 'kade95@gmail.com', '>[1cTKU\"sQH'),
('20170040', 'Selina', 'Auer', 'wgorczany@glover.com', 'duhZ&)d>pCFF[b\\\'OR/'),
('20170041', 'Leann', 'Runolfsson', 'leannon.oma@hotmail.com', 'RD?j7_ZJ0_#+tKklj`>'),
('20170042', 'Hailee', 'Ankunding', 'pfeffer.jessika@yahoo.com', 'b?i]tlKs<{u6'),
('20170043', 'Rebecca', 'Tremblay', 'schroeder.devan@bartoletti.org', '\"B]h(k'),
('20170044', 'Lexi', 'Batz', 'joel.legros@johnson.info', 'GTu.&2kP'),
('20170045', 'Mollie', 'Schuppe', 'jennings.wunsch@yahoo.com', '>46p+!Wu/UhT@u(m;'),
('20170046', 'Jeffery', 'Padberg', 'lesch.conrad@yahoo.com', 'd,L\"9Gj75$h'),
('20170047', 'Ryan', 'Kohler', 'liana.daugherty@cruickshank.com', 'GNKu.T0e;;9\\3'),
('20170048', 'Mike', 'Huels', 'dolores56@casper.com', ',!fTO6KnG(K'),
('20170049', 'Brandi', 'Larkin', 'dbrakus@erdman.net', 'FqrX?2X<IUX'),
('20170050', 'Theresa', 'Mitchell', 'esteban73@yahoo.com', 'V#TnfO64'),
('20170051', 'Edythe', 'Crona', 'koepp.rosalia@nader.com', 'iMPLx9aycQ8&ws5Qg'),
('20170052', 'Santino', 'Skiles', 'ruben.ryan@yahoo.com', 'S,{.Ow'),
('20170053', 'Retha', 'Ward', 'braun.jerrell@hessel.com', '4WGZty|Fck\\EJL)kT'),
('20170054', 'Frank', 'Lindgren', 'dlindgren@langosh.com', '/-H*%vAL'),
('20170055', 'Summer', 'Dietrich', 'newell.leuschke@reinger.com', '#AX%<z'),
('20170056', 'Guadalupe', 'Gerhold', 'oma29@johns.biz', 'H=*JA+h~C2;?%y'),
('20170057', 'Dominic', 'Russel', 'armstrong.penelope@doyle.net', '_9eKA5wZV}s$Q|GM'),
('20170058', 'Misael', 'Terry', 'zboncak.kraig@yahoo.com', 'N6z/Z>+Yr28w[?YX+U'),
('20170059', 'Krista', 'Hirthe', 'noe28@hotmail.com', 'tfI!J1IkREohWPSs9zI'),
('20170060', 'Anastacio', 'Senger', 'umraz@kirlin.com', 'AG\"xWrd]6Z,0n`'),
('20170061', 'Estefania', 'Bosco', 'gerhold.samson@gmail.com', 'F&$.YP+VA'),
('20170062', 'Hailey', 'Fadel', 'turcotte.frances@mitchell.org', '>f(rt0LBnb'),
('20170063', 'Henry', 'Gusikowski', 'charber@hotmail.com', 'gh:?Os\"'),
('20170064', 'Dolly', 'Keeling', 'khegmann@price.com', 'NCH7a}h!%-U%?53/'),
('20170065', 'Elvera', 'Padberg', 'tkoelpin@hettinger.com', '<M9Uynt$<]`c_s[PoC'),
('20170066', 'Hattie', 'Cummerata', 'albertha.crist@emmerich.info', '76t=RiE*a7l}J'),
('20170067', 'Sedrick', 'Schmitt', 'destiny.hayes@yahoo.com', 'Id`]Q`'),
('20170068', 'Mark', 'Mitchell', 'jordan69@hotmail.com', 'MjDnGD!m{-'),
('20170069', 'Alysha', 'Frami', 'gustave91@boyer.com', '\"vCB7Q|$&bZNO0\\O;'),
('20170070', 'Norma', 'Romaguera', 'denesik.gus@schumm.com', '|PI;_&xxju/p.0'),
('20170071', 'Hyman', 'DuBuque', 'pollich.trever@harber.com', '8};`-\")E{/@'),
('20170072', 'Cade', 'Aufderhar', 'hirthe.albin@yundt.net', 'I2+Z|)WUpO'),
('20170073', 'Delia', 'Rosenbaum', 'madonna15@altenwerth.org', 'a;l.1e\''),
('20170074', 'Libbie', 'Hansen', 'alexander43@gmail.com', 'U-R}?Vixv9+5T#3n?c'),
('20170075', 'Keira', 'Kautzer', 'nathanial34@yahoo.com', 'L*E+Q6Wj}\\c'),
('20170076', 'Domenico', 'Gusikowski', 'pgislason@yahoo.com', 'k}D]1uQJX%pebgRWZ0'),
('20170077', 'Geo', 'D\'Amore', 'uhalvorson@kihn.com', 'o<EVad{m<Zw!|]DZPc|'),
('20170078', 'Clarissa', 'Block', 'sanford.laurence@runolfsdottir.net', 'Y4Q(@a@k\'JjRo6\'sd%3;'),
('20170079', 'Angelica', 'Sanford', 'mante.kim@lynch.net', 'Z1@ulLaF1~-k='),
('20170080', 'Randal', 'Feest', 'sbahringer@feil.net', '1l;5WD^bTE\"+^ACmIx+p'),
('20170081', 'Marianna', 'Kunze', 'hane.waldo@pollich.info', '+57)/R'),
('20170082', 'Pearlie', 'Tromp', 'zwuckert@bauch.com', 'IA}/]|Kl[d=R,g96:'),
('20170083', 'Thurman', 'Jacobson', 'leffler.jared@harris.com', 'ATn]kX.}KFE{6FH'),
('20170084', 'Amanda', 'Windler', 'zmckenzie@yahoo.com', 'Q_Apk8'),
('20170085', 'Cynthia', 'Dooley', 'kellen59@conroy.com', 'BLTJ[W'),
('20170086', 'Violette', 'Veum', 'white.eldred@yahoo.com', '`?jpIT_'),
('20170087', 'Winona', 'Berge', 'gweimann@yahoo.com', '}r;;SHf)jyk$|U'),
('20170088', 'Rosetta', 'Stokes', 'kathryne81@altenwerth.biz', 'SfgW46W8'),
('20170089', 'Moriah', 'Pfeffer', 'johnny82@waelchi.com', '@pGpK{>U'),
('20170090', 'Erik', 'Block', 'murazik.owen@marvin.com', 'x/Cc9W#pktstc'),
('20170091', 'Colby', 'Corwin', 'isaias73@hotmail.com', 'H<zkwy'),
('20170092', 'Esperanza', 'Beatty', 'sarah40@greenfelder.com', 'A%q=e==q'),
('20170093', 'Jermain', 'Beahan', 'ztrantow@doyle.org', '<o$z+;cy<\'w'),
('20170094', 'Maymie', 'Batz', 'wyman.roberto@ullrich.org', 'NXr0Wh-%Mmt{'),
('20170095', 'Flo', 'Hagenes', 'hillary65@yahoo.com', 'DdFs8G'),
('20170096', 'Amelie', 'Cummings', 'shields.xavier@walter.biz', '+]G[.THH'),
('20170097', 'Sydney', 'Jenkins', 'wcorkery@yahoo.com', '%)T!oT\'<4ztiK-`GH&6y'),
('20170098', 'Alana', 'Bahringer', 'konopelski.ellie@oberbrunner.com', 'k|=HWLn:wJT+~@G4io6'),
('20170099', 'Eulalia', 'Kris', 'nelle.wilderman@thompson.com', '%qnH0u3ZnrD'),
('20170100', 'Miles', 'Armstrong', 'jarmstrong@gmail.com', '(N.J]>+.wB^VN'),
('20170101', 'Janie', 'Leannon', 'zola.watsica@barton.com', '%0V~e6$'),
('20170102', 'Gwen', 'Brown', 'rgottlieb@powlowski.com', 'Qx{nQ0:][h^ZPyKST'),
('20170103', 'Lonzo', 'Monahan', 'ottis.grant@hotmail.com', ']]?K\\HcK>&ywgR'),
('20170104', 'Lavinia', 'Lynch', 'rvolkman@yahoo.com', '!6|t-]K~'),
('20170105', 'Shanny', 'Runolfsdottir', 'julian.cartwright@hotmail.com', 'j>rqkXW?QXLM'),
('20170106', 'Randall', 'Glover', 'kenny.corwin@doyle.org', ':aUza(R$}[\"L'),
('20170107', 'Damaris', 'Beatty', 'sylvia.quitzon@hotmail.com', '-}2!K9u8KN+'),
('20170108', 'Gunnar', 'Leffler', 'yzemlak@yahoo.com', '&RS?w.OtH|L1'),
('20170109', 'Geraldine', 'Wiza', 'ebrakus@green.com', '[[%g+Qnm0`ln_-3*S'),
('20170110', 'Frieda', 'Moore', 'elroy.dickens@gmail.com', '=[?/\\z9'),
('20170111', 'Amira', 'Spencer', 'lonny43@wiza.net', 'MZK//]3jk13v3OTXG'),
('20170112', 'Juwan', 'Lueilwitz', 'erica.sauer@gmail.com', 'mEo`daH3:\\|d<t'),
('20170113', 'Randal', 'Konopelski', 'kenyatta.hickle@ferry.info', '`*i-1H?>lT\'9/@dd~-'),
('20170114', 'Lynn', 'Schmidt', 'leora37@christiansen.com', '7xmB[ER:rn'),
('20170115', 'Marcos', 'Deckow', 'ecollins@hotmail.com', '<w)Va`]@'),
('20170116', 'Nelle', 'Gorczany', 'alyson24@yahoo.com', '7wiOzNz-i97k3vG_j,gC'),
('20170117', 'Collin', 'Wintheiser', 'hilda64@fisher.com', 'aYF~0;JJGVqvsnQ%)g'),
('20170118', 'Hellen', 'Witting', 'raynor.jaylin@hotmail.com', 'YRfl3^rLQ'),
('20170119', 'Catalina', 'Kohler', 'xander76@hotmail.com', '<t47YKTq?`Vi'),
('20170120', 'Delaney', 'Becker', 'oveum@hotmail.com', '$MavuC_h-6zm+2bfB'),
('20170121', 'Augusta', 'Kuhic', 'michael64@hotmail.com', '-Wy4\"}6.AOdCh$ROpKLN'),
('20170122', 'Yasmin', 'Champlin', 'hilpert.cecil@hotmail.com', '&[^%1S?$ze'),
('20170123', 'Santina', 'Abshire', 'cale.feest@muller.com', 'B/`#mkf~_'),
('20170124', 'Maximus', 'Cummings', 'agustin.skiles@smitham.com', '~S3(EqvK'),
('20170125', 'Maryam', 'Keeling', 'kilback.mitchell@mccullough.com', 'i+EP^i\'C@*?:#<Vh'),
('20170126', 'Perry', 'Torp', 'minnie.schaden@graham.org', 'vaJIHo1\\'),
('20170127', 'Jazlyn', 'Nienow', 'matilde44@hotmail.com', '3v26j.v:j~X@?\"\\'),
('20170128', 'Margaretta', 'Grady', 'michaela43@hotmail.com', 'Vx\\Q\\QA9S|YH,5k'),
('20170129', 'Gina', 'Hessel', 'oconner.joany@hotmail.com', '#s<_Xo|t)@H+-V)h'),
('20170130', 'Nellie', 'Pollich', 'block.dorothy@vandervort.com', 'Tk\\{/8(b8Il7),2Pd'),
('20170131', 'Elta', 'Hegmann', 'zblick@dare.com', 'W?.K!L\'d'),
('20170132', 'Margie', 'Marquardt', 'crystel.hagenes@yahoo.com', 'tWIJ3S?'),
('20170133', 'Major', 'McGlynn', 'umurray@hirthe.com', '?0.CuJ$KSVYRf'),
('20170134', 'Nellie', 'Dietrich', 'brown.bartoletti@hotmail.com', '9|\"D\"d*?It\\LEQ+ep\\c'),
('20170135', 'Shannon', 'Jakubowski', 'hane.edwina@jerde.biz', 'FLHquCI]He]`=E'),
('20170136', 'Sebastian', 'Nitzsche', 'enrique40@mckenzie.info', '0@`oTu'),
('20170137', 'Lela', 'Ziemann', 'will.myah@yahoo.com', 'J-+&!2O'),
('20170138', 'Grant', 'Hickle', 'dolly24@yahoo.com', '6ZhDPCvG'),
('20170139', 'Judge', 'Kris', 'maximilian.schuster@gmail.com', '!l{g+*U}[_$'),
('20170140', 'Karen', 'Jerde', 'pagac.desmond@miller.info', 'r14ly1'),
('20170141', 'Rasheed', 'Kris', 'lee.baumbach@miller.org', '`9*{w0iqpn0.1-:u'),
('20170142', 'Rosalia', 'Nader', 'tremayne60@von.org', '0ka&g`6_]\'4775W&U'),
('20170143', 'Willow', 'Padberg', 'vanessa.cummings@gmail.com', '4/`r)l<R&6'),
('20170144', 'Nathan', 'Strosin', 'pgreenfelder@gmail.com', '\"N?oEI]P;EL+pIoP'),
('20170145', 'Aaron', 'Emard', 'rosemarie.ziemann@nolan.info', 'o$>v1T'),
('20170146', 'Eleonore', 'Connelly', 'charlie58@gmail.com', '1}(|yogw%?8m'),
('20170147', 'Alejandrin', 'Lockman', 'zbecker@hotmail.com', 'Lfqd&Pr\\'),
('20170148', 'Josiah', 'Hagenes', 'vboehm@jacobs.com', 's4gp}BSZ'),
('20170149', 'Immanuel', 'Breitenberg', 'laura.stanton@yahoo.com', '#o4<DGgB~$73(jg92l'),
('20170150', 'Viva', 'Gaylord', 'lziemann@gmail.com', 'vi~}rkTj'),
('20170151', 'Ignacio', 'Jacobson', 'xfay@doyle.com', 'b[~Hxa?\"dKT'),
('20170152', 'Ignatius', 'Klein', 'wilhelm.kuhlman@ernser.biz', 'PvZ>!JK'),
('20170153', 'Eloisa', 'Waelchi', 'bulah43@gmail.com', 'm_lhHG$R0j@OauG'),
('20170154', 'Clarissa', 'Hegmann', 'rubie69@langosh.info', 'xH@v,z:'),
('20170155', 'Conner', 'Nitzsche', 'lydia61@paucek.com', '0O]8N_2Bak2(-C'),
('20170156', 'Cody', 'Kuhlman', 'lottie37@gmail.com', ']5)irj}e&'),
('20170157', 'Ruby', 'Baumbach', 'arvel28@ankunding.com', '^E4T0K_B[3'),
('20170158', 'Jeremie', 'Schmidt', 'zita24@rogahn.info', 'QMS`5Jun@&(3yZ]:{Of-'),
('20170159', 'Eddie', 'Wehner', 'coralie93@franecki.com', 'M9|`,>vIRLUt#JW^K%t~'),
('20170160', 'Melyssa', 'Russel', 'devon.monahan@miller.com', '#&-{-GO?N&Y'),
('20170161', 'Ardith', 'Hackett', 'dlindgren@toy.com', '\"[J.&\"mR\\eHQN5rtK|'),
('20170162', 'Lucas', 'DuBuque', 'ramon43@yahoo.com', 'fV6SrRkdt%gCv\".B1o'),
('20170163', 'Jonathan', 'DuBuque', 'laury79@gmail.com', 'ld8\\..^mjk$F>$,#.|'),
('20170164', 'Brice', 'Halvorson', 'cristopher.johns@kreiger.com', 'Igp3yl;3\\AN2C_'),
('20170165', 'Hardy', 'Kutch', 'buckridge.candida@gmail.com', 'CaI[-TNvY3.kH]fSIY'),
('20170166', 'Delfina', 'Maggio', 'crystel61@yahoo.com', 'TO/lcyzs\\lR'),
('20170167', 'Shany', 'Berge', 'rashawn.haley@hotmail.com', 'KRY[!9aB\'nx[#Hn3I'),
('20170168', 'Theresa', 'Johnston', 'bnienow@abshire.com', 'l.qM{NfX\\Fn'),
('20170169', 'Diego', 'Mante', 'weston92@yahoo.com', '+\"a=FtAMG_'),
('20170170', 'Erna', 'Wolff', 'vida38@yahoo.com', 'K5wQn?e'),
('20170171', 'Wilfredo', 'Roob', 'iledner@yahoo.com', '.P2Nu>d^9R'),
('20170172', 'Marge', 'Lubowitz', 'gmcdermott@haley.com', 'kmza_8ary+S6s'),
('20170173', 'Markus', 'Collins', 'abelardo.barrows@gmail.com', 'Zy,oZYdc,>f7B>G'),
('20170174', 'Laron', 'Ernser', 'bette20@hotmail.com', 'lG~TKG&?ju0PoUF=t'),
('20170175', 'Immanuel', 'Kilback', 'kmante@yahoo.com', 'FL*3j@|sb`T'),
('20170176', 'Marlen', 'Hane', 'xmcdermott@gmail.com', '(%%t#<{#SxDZu>UvX}'),
('20170177', 'Efren', 'Rowe', 'jessika.beier@leffler.com', 'AZPOD;v%nFo1t-c+gUt'),
('20170178', 'Rory', 'Eichmann', 'carmella65@hudson.com', 'Zd,pIkZ#V.5T+<[piiJ'),
('20170179', 'Bill', 'Flatley', 'gdonnelly@hotmail.com', '8_M\'4y'),
('20170180', 'Carmella', 'Sawayn', 'camden.kub@kautzer.net', 'e7`^\"1sn:8?i8UgCBhb`'),
('20170181', 'Genoveva', 'Stokes', 'stehr.madaline@hotmail.com', 'ZT+8-lB'),
('20170182', 'Lizeth', 'Russel', 'rolfson.estefania@jacobs.org', 'd#W(3TPmT'),
('20170183', 'Justen', 'Mosciski', 'cindy.mclaughlin@emard.biz', '+n0WAGpKBL1w@oQj'),
('20170184', 'Garett', 'Bergnaum', 'vdach@boyer.net', 'iB6FBp7ToYv.('),
('20170185', 'Edd', 'Frami', 'isom.russel@gmail.com', 'jVuEG`jJ.*7zflH}Pa]\"'),
('20170186', 'Marc', 'Pfeffer', 'rsenger@donnelly.com', 'G2S-;<h.5'),
('20170187', 'Arlene', 'Hessel', 'jweissnat@becker.info', '2x+(~@iC'),
('20170188', 'Kendra', 'Gorczany', 'miller.mitchell@hamill.com', 'V)EZ{Ob$oeN\"?4R<-_'),
('20170189', 'Johnson', 'Cronin', 'vanessa54@haley.com', 'kHw<H:q_X6pK>l'),
('20170190', 'Oswaldo', 'Reichert', 'kay03@yahoo.com', '0_q&JiJ\'-yLTA'),
('20170191', 'Kali', 'Prohaska', 'emuller@jast.com', 'eNFdNk|'),
('20170192', 'Amelia', 'Steuber', 'apurdy@gmail.com', 'yYfYEhi8xw\\'),
('20170193', 'Mikayla', 'Schowalter', 'maiya.rau@rempel.info', 'Q<y#3oI#z\'@'),
('20170194', 'Madisyn', 'Beahan', 'ellsworth39@roob.biz', 'g^Pzt9ZeKoK!&S.8'),
('20170195', 'Jimmy', 'Murphy', 'lucinda.spinka@gmail.com', '[Z{gT;wC5+Sw>'),
('20170196', 'Maxine', 'Schimmel', 'marquardt.rogelio@purdy.biz', '5IqB_`w7==H<'),
('20170197', 'Ahmad', 'Marks', 'birdie57@gerhold.com', 'n~ZX<43Km?sfFa@5.1O'),
('20170198', 'Horacio', 'Waelchi', 'qstamm@armstrong.info', '>,%X\"uH=OnKuM'),
('20170199', 'Rocky', 'Crist', 'uprohaska@johns.com', 'X9(wOy,;T'),
('20170200', 'Julie', 'Lakin', 'toy.carlo@hane.com', 'LYoBHHf_;8XO?4$j'),
('20170201', 'Kacie', 'Hermiston', 'tprohaska@yahoo.com', '|/+kpA:wtL9g5'),
('20170202', 'Cora', 'Krajcik', 'acollins@hotmail.com', 'F>{{!u]HY_U'),
('20170203', 'Paige', 'Erdman', 'homenick.olaf@altenwerth.com', 'c2+st)'),
('20170204', 'Darron', 'Stracke', 'kozey.sanford@erdman.com', '\'aI\"azsMcS2\'q'),
('20170205', 'Gaston', 'Rowe', 'vidal.wuckert@yahoo.com', '3-e=|/,N/q'),
('20170206', 'Nakia', 'Brown', 'dickinson.mara@gmail.com', 'eXvE2^c/1,0&3kfu59'),
('20170207', 'Layla', 'Bosco', 'stanton.bechtelar@yahoo.com', '&EkCk#n(-LEs}#)Mc'),
('20170208', 'Lauren', 'Moen', 'stacey81@hotmail.com', '$BQ(&EcDHf^\'sQzN)i'),
('20170209', 'Tyler', 'Dickinson', 'kreiger.mikayla@ratke.com', 'g/`s<@)A\'#G9}t$d~'),
('20170210', 'Ole', 'Fritsch', 'mwatsica@gmail.com', '{bK>&h.nG'),
('20170211', 'Weston', 'Buckridge', 'jimmie32@jast.com', '@?-5Y6'),
('20170212', 'Chadd', 'Metz', 'jennyfer.schoen@cartwright.com', '$x7d\'C13zr'),
('20170213', 'Shanie', 'Bernhard', 'wnienow@kirlin.net', 'so[@p6i'),
('20170214', 'Otha', 'Rolfson', 'johnathan.hane@hotmail.com', '7O9Gmaic<$s7jQ'),
('20170215', 'Deon', 'Connelly', 'rosa.kerluke@thompson.info', 'F6z2mXZ'),
('20170216', 'Ericka', 'Waelchi', 'fredrick68@yahoo.com', 'cqn.q*D'),
('20170217', 'Dan', 'Kulas', 'waino.connelly@yahoo.com', '0*FfaOLYc'),
('20170218', 'Pearl', 'Nicolas', 'koelpin.haley@hotmail.com', 'd,DZ=-}+LqUMR`V'),
('20170219', 'Toy', 'Haley', 'patrick00@yahoo.com', '.Ag8&D0Ak%dgw)jvwh:V'),
('20170220', 'Alicia', 'Quigley', 'cleveland87@bauch.com', 'q9o\"zh^'),
('20170221', 'Cheyanne', 'Cartwright', 'qruecker@gmail.com', 'QRO\"|\')_[6HgU\\O'),
('20170222', 'Halle', 'Blick', 'rahul87@gmail.com', '>nJY*4/45'),
('20170223', 'Sim', 'Davis', 'tcarroll@parker.net', 'Y\\ofPn]<cIqu{'),
('20170224', 'Lea', 'Walter', 'cindy96@hotmail.com', 'bM+8UB]bXo{A(>0'),
('20170225', 'Braden', 'O\'Connell', 'krajcik.skyla@gmail.com', 'AW$\'q#'),
('20170226', 'Rudolph', 'Schmeler', 'rhermiston@batz.com', ',P*e_aVIK9x'),
('20170227', 'Eula', 'Kuvalis', 'isabella.denesik@gmail.com', 'Jvb2ZLv+~_z>R'),
('20170228', 'Dagmar', 'Stroman', 'ftowne@hotmail.com', 'J2w\"9W{#(-x0vz-'),
('20170229', 'Johanna', 'Goodwin', 'quitzon.eliane@considine.com', '6Da~X,:%4w@Z\\'),
('20170230', 'Bert', 'Schimmel', 'lucy.oberbrunner@reinger.net', '+cTJq='),
('20170231', 'Jaren', 'Legros', 'chance.pollich@lebsack.com', '~L(,VG<1=d9\\U)zm'),
('20170232', 'Gerhard', 'DuBuque', 'reichert.cynthia@wuckert.com', '125?otAv<KJD$'),
('20170233', 'Sonny', 'Schmeler', 'torp.marcel@yahoo.com', 'hg\'R:4Z\"c%*;4'),
('20170234', 'Katharina', 'Emmerich', 'julio17@yahoo.com', ',fyb2ns5'),
('20170235', 'Dewayne', 'Gleason', 'zbarrows@sanford.com', '&`OU\\k5dKAsx'),
('20170236', 'Clyde', 'Maggio', 'laurence.grimes@gmail.com', '1/z5oOZ'),
('20170237', 'Ayana', 'Rodriguez', 'hosea.wunsch@lemke.com', 'K8Ki]w:0sWL2jpwZ:(^'),
('20170238', 'Emma', 'Koepp', 'xstracke@hotmail.com', 'L3*r2=*ob'),
('20170239', 'Buck', 'Goyette', 'vickie.schiller@casper.com', 'x?+slMu~?C'),
('20170240', 'Zoila', 'Littel', 'lang.jeffery@yahoo.com', 'm1!bE:XK?7'),
('20170241', 'Everardo', 'Weissnat', 'richard.conn@mcdermott.com', '0?3N3.-bpi'),
('20170242', 'Dorthy', 'Bernhard', 'hyatt.tara@gmail.com', 'Rg.FwBmxOu#9Y;'),
('20170243', 'Aurelie', 'Hoppe', 'maximo11@yahoo.com', 'zUZT4bdw`fcT[hz'),
('20170244', 'Randy', 'Gaylord', 'qchamplin@carter.info', 'vm9mJd'),
('20170245', 'Lina', 'Johnston', 'ryder.fritsch@kohler.com', '7:*JU>KsMD)1<qDTO=mb'),
('20170246', 'Russel', 'Flatley', 'annette30@considine.info', ';8ZUcLK=&i)}:m9Z2l9}'),
('20170247', 'Ines', 'Rowe', 'quitzon.owen@gmail.com', 'i729uBC!>dr&Vk#7Dn2'),
('20170248', 'Jailyn', 'O\'Reilly', 'murphy.bernie@yahoo.com', 'df,0b[ARp\\W2a'),
('20170249', 'Tito', 'Brekke', 'declan73@kreiger.com', '2wW}ca9DLCQ:'),
('20170250', 'Cordie', 'Watsica', 'meichmann@bauch.info', 'R`Qf$@=,Y'),
('20170251', 'Abbie', 'Hackett', 'barrows.pink@trantow.com', 'RJs!oHn8wmow@aIli^'),
('20170252', 'Donna', 'Gibson', 'nikolaus.stuart@walter.com', 'vtHuX5fYEY6u)wUM8o\''),
('20170253', 'Shanna', 'Kuphal', 'rskiles@yahoo.com', 'ntan9Umt}+L'),
('20170254', 'Wallace', 'Langworth', 'mortimer.luettgen@yahoo.com', 'nW<ch8R<e(\\M\\'),
('20170255', 'Jamison', 'Medhurst', 'ullrich.randy@yahoo.com', '`opj|uUa'),
('20170256', 'Jalen', 'Harris', 'vbatz@gmail.com', ';\\t}M$D9'),
('20170257', 'Michaela', 'Torp', 'baumbach.lurline@gmail.com', 'zaZv5~ce03Mnf'),
('20170258', 'Milton', 'Rolfson', 'wkuphal@johnston.com', 'lABzT!'),
('20170259', 'Danny', 'VonRueden', 'dorothea.schuppe@bayer.org', '|y(jA{'),
('20170260', 'Kristin', 'Fay', 'stracke.liza@hotmail.com', 'u42//2+~m?FqebK='),
('20170261', 'Graciela', 'Auer', 'tommie71@dietrich.net', '3{\'j\'V_eX\\Qetyv{;'),
('20170262', 'Anabelle', 'Cassin', 'luettgen.kris@adams.com', 'uL9I7Kdp%9=)?Rv$'),
('20170263', 'Percy', 'Romaguera', 'zschulist@cummings.com', 'i\\+*YhMq&'),
('20170264', 'Anahi', 'Wiegand', 'reilly.neal@greenfelder.com', '?-7fLA]5gq'),
('20170265', 'Kory', 'Erdman', 'amya51@hotmail.com', 'S;5kQ%EaHkY8xD8T+'),
('20170266', 'Ryder', 'Lesch', 'muller.queenie@gmail.com', 'kytQp}v-Hv'),
('20170267', 'Damien', 'Mohr', 'noelia.swift@yahoo.com', '%.-,)p.H`AcRzQ\'cFb<'),
('20170268', 'Leora', 'Stamm', 'jwilkinson@hotmail.com', 'Vr]}7\"k-N=4@eEpE(uqi'),
('20170269', 'Eugenia', 'Bogisich', 'tillman.eleonore@breitenberg.com', 'g>wU&\\LR@&qf'),
('20170270', 'Shanel', 'Fritsch', 'kyra.heller@jerde.com', '32AoO4M:~U-0#{{'),
('20170271', 'Erin', 'Jerde', 'clark29@kertzmann.com', 'ebS;=pb7`g8v4=Cb;p'),
('20170272', 'Treva', 'Nikolaus', 'antwan01@welch.com', '6dhX`U_>'),
('20170273', 'Bella', 'Lesch', 'nbalistreri@hotmail.com', 'Wdyl8aVSBo*x~mT'),
('20170274', 'Devan', 'Barton', 'tleannon@ziemann.com', '=b-PF~9T/*pdV~VMC,h'),
('20170275', 'Tobin', 'Hauck', 'chloe46@hessel.com', '=a:2*/o^6}PvT'),
('20170276', 'Alberto', 'Breitenberg', 'jonathan49@gmail.com', 'C/@[jawPL0?aJe:N[E'),
('20170277', 'Michael', 'Streich', 'eladio.bayer@gleichner.com', 'yeqwwaY/{F[q'),
('20170278', 'Rosalind', 'Lubowitz', 'hailey.streich@yahoo.com', 'H9Jp$ET'),
('20170279', 'Eloisa', 'Macejkovic', 'lorine.metz@hotmail.com', 'c3f-\"h\\Q0*0'),
('20170280', 'Rigoberto', 'Mayert', 'nikolaus.angelina@yahoo.com', 'R3CZ^\\p6\'r/F0'),
('20170281', 'Payton', 'Mosciski', 'blick.claud@barton.com', '7?$QsQqGE[H'),
('20170282', 'Cassandra', 'Balistreri', 'malcolm.nader@paucek.biz', 'b^8HrspegBI'),
('20170283', 'Wilford', 'Hettinger', 'jena.stracke@gmail.com', '/Fp-Xl)<duD*w'),
('20170284', 'Henri', 'Boehm', 'elwin20@yahoo.com', '+fQduZh:~m-49JWCA'),
('20170285', 'Lavada', 'Bosco', 'xgaylord@gmail.com', 'yJ\\DA`Exrof|m@'),
('20170286', 'Johanna', 'Pollich', 'uthompson@yahoo.com', 'u{|(QoC|_XV#4A\\'),
('20170287', 'Monica', 'Sipes', 'randall54@yahoo.com', '@Sddy7e9w(;~'),
('20170288', 'Ubaldo', 'Gusikowski', 'sdubuque@hotmail.com', 'F~df;RSj|qnQ'),
('20170289', 'Hipolito', 'Abshire', 'hane.mandy@gmail.com', 'wL\\]FM>.tV%%\"+K}3re}'),
('20170290', 'Selmer', 'Kris', 'freeda01@orn.com', 'dIerI(/C}'),
('20170291', 'Edmond', 'Stehr', 'ryan.hayes@gerlach.com', '0}]+0#2)PA)'),
('20170292', 'Ruby', 'Hessel', 'kaia.ward@balistreri.com', '4;=C\"Q!Y1c_Y7'),
('20170293', 'Lesly', 'Durgan', 'albertha.pfeffer@block.net', '(*RwHpF4\'tr1HyWGr'),
('20170294', 'Marco', 'Ledner', 'ortiz.dovie@weimann.com', 'h><H7?C_B=#'),
('20170295', 'Percival', 'Stokes', 'elyssa.corkery@leffler.com', 'V%5E}.RJ8t'),
('20170296', 'Halle', 'Hodkiewicz', 'lane.yost@runolfsson.net', 'N##F#\'+L3;\"_ylQJ)'),
('20170297', 'Melba', 'Welch', 'lyric.stokes@yahoo.com', 'Rb4[HxS:x2'),
('20170298', 'Jalyn', 'Mante', 'tillman.aisha@bartoletti.org', 'q&t.0J-Yg'),
('20170299', 'Amaya', 'Smith', 'kenneth.blanda@powlowski.com', '#)iUhTDBFwcz7]&L\"Vyj'),
('20170300', 'Wava', 'Daniel', 'garfield.bogan@yahoo.com', '6*4ai|!.`C4:\'4mq;?'),
('20170301', 'Layne', 'Hamill', 'bella04@braun.com', 'YOoVv}4ROMjLeFq>6a8'),
('20170302', 'Rose', 'Gleichner', 'oankunding@yahoo.com', 'h<>uCD*uI)2{se_>b;^'),
('20170303', 'Eladio', 'Jakubowski', 'xbailey@gleason.com', '%\']it=Wf:<l\\@b'),
('20170304', 'Talon', 'Grant', 'urban36@gmail.com', '7AL_Hw[`hyg)wUm'),
('20170305', 'Betsy', 'Larkin', 'hhettinger@hermann.com', 'S\\ai]Vg4JG.Nd['),
('20170306', 'Delmer', 'Nolan', 'dora13@baumbach.com', 'r?Gaf6D2Oj!'),
('20170307', 'Alberta', 'Kertzmann', 'kaylah88@stark.org', '+cFC>y5j@YS'),
('20170308', 'Estel', 'Skiles', 'jany.keeling@jacobi.com', 'Wh.~`6f'),
('20170309', 'America', 'Rodriguez', 'ypacocha@hotmail.com', 'r5vQB;pM@f5;7Pj|3U/'),
('20170310', 'Wyman', 'Klein', 'isai.romaguera@rodriguez.com', '\'=S!(.KtG02o!21'),
('20170311', 'Bertha', 'Swift', 'west.pablo@yahoo.com', 'Jv%f}hNj$Ws7}jN'),
('20170312', 'Marie', 'Cole', 'kiarra13@crona.com', '4\\}}!Hle,K$vMVj'),
('20170313', 'Quinton', 'Windler', 'filiberto41@yahoo.com', 'oVm]G%-Jx(\\/s'),
('20170314', 'Ariel', 'Pouros', 'kulas.patience@runte.net', 'B^)\\/0gq#Hm'),
('20170315', 'Bell', 'Ortiz', 'joesph.bauch@mertz.com', '/(ub-e&y}.JAS`:'),
('20170316', 'Oceane', 'Stoltenberg', 'shickle@glover.info', 'Uge0zD+3BdT+bd'),
('20170317', 'Torrey', 'Hirthe', 'alize.heaney@yahoo.com', '][?q`\'I{)'),
('20170318', 'Jayden', 'Powlowski', 'dana14@hintz.com', 'g(ZS:Tg0X'),
('20170319', 'Kasandra', 'Goodwin', 'jmayer@hotmail.com', 'U5&M[T(i6'),
('20170320', 'Buster', 'Ferry', 'emmitt.wiegand@hotmail.com', 'Jqxk&{T^'),
('20170321', 'Philip', 'Padberg', 'mharvey@hotmail.com', '0K=.I:)W$=Ea,];%6;'),
('20170322', 'Jensen', 'Boyle', 'skris@schaden.com', '1<@Dg7OjO_'),
('20170323', 'Maxine', 'Weimann', 'edmund49@jast.com', '(}4fa!B&^f|Vg\\ZZE*N'),
('20170324', 'Jaylen', 'Schinner', 'torphy.christina@hotmail.com', '(|8%hTr<@x;{cFmw'),
('20170325', 'Lily', 'Beatty', 'rosemary60@fay.biz', 'p[/bvVI'),
('20170326', 'Vivienne', 'Howell', 'demetris.renner@gmail.com', 'Aw:<kJH'),
('20170327', 'Fletcher', 'Kulas', 'hobart.weimann@kessler.com', '~pk<B8md8/`qvo;'),
('20170328', 'Monte', 'Breitenberg', 'mraz.duane@anderson.com', 'rCjs]\\}{'),
('20170329', 'Mario', 'Roberts', 'shanahan.reginald@hotmail.com', ';e(#ud`V2'),
('20170330', 'Elliot', 'Klein', 'jacklyn.pagac@yahoo.com', '[l8mODMl}'),
('20170331', 'Dora', 'Beatty', 'llangworth@jaskolski.org', 'p5:DcLP'),
('20170332', 'Ryann', 'Tromp', 'balistreri.gladyce@gmail.com', 'b\"h@-7f/A=5G'),
('20170333', 'Clyde', 'Osinski', 'carlo.king@oconnell.com', ',oG|6d-!'),
('20170334', 'Rosie', 'Kutch', 'ethiel@okon.com', ':VE{5XU:bpv'),
('20170335', 'Milo', 'Batz', 'heaney.royce@ullrich.com', '~HxO@`1H#'),
('20170336', 'Edgar', 'Satterfield', 'vdibbert@hotmail.com', '_h*4B)j7>Bq>A'),
('20170337', 'Jaunita', 'Borer', 'bo.cassin@gmail.com', '+&!r@|'),
('20170338', 'Mertie', 'Prohaska', 'tillman.meredith@wintheiser.biz', '#DFBO?'),
('20170339', 'Sandy', 'Renner', 'mlemke@hotmail.com', '^\"_SXC8(c5C'),
('20170340', 'Kaylin', 'Cremin', 'anahi.reinger@gmail.com', 'zGE*:<'),
('20170341', 'Hilton', 'Schmitt', 'ygorczany@hermiston.com', '\"3W]?MR'),
('20170342', 'Jayson', 'Welch', 'howell.schneider@hotmail.com', '<gnISaJiwfu'),
('20170343', 'Alexandria', 'Dickens', 'nikolas.trantow@hotmail.com', ':WX+tQ'),
('20170344', 'Madison', 'Block', 'mcdermott.blaise@yahoo.com', '2%F>n-\"VH`e'),
('20170345', 'Lauryn', 'Roberts', 'hollis.corkery@hotmail.com', '<xLa*O'),
('20170346', 'Scot', 'Klein', 'nstehr@lakin.com', '*[7Xc`MFE~r4v6'),
('20170347', 'Abdiel', 'Blanda', 'dashawn39@hotmail.com', '8<&[Z.w[>@z,%'),
('20170348', 'Fausto', 'Price', 'huels.baron@hotmail.com', 'q:$[3FmA4L'),
('20170349', 'Bridget', 'Swaniawski', 'eabernathy@white.biz', 'Bb>y4UPM&:'),
('20170350', 'Luella', 'Blick', 'elbert.streich@yahoo.com', 'MN#d>5tyhu[[F\'7'),
('20170351', 'Sunny', 'Doyle', 'zachariah.torp@yahoo.com', '?&-kW5pThi.`8'),
('20170352', 'Ole', 'Rau', 'amanda.smitham@gmail.com', '=yb5x6Js<!<'),
('20170353', 'Norbert', 'Mitchell', 'rolfson.vladimir@yahoo.com', 'xmfwM,lq5UfeakDp}~Xv'),
('20170354', 'Sharon', 'Hegmann', 'dickens.melvina@erdman.info', '+ebQ<}jLLr2#_3Jq6%$'),
('20170355', 'Shane', 'King', 'gusikowski.kellie@yahoo.com', '*EHn)7V}EHOuYG'),
('20170356', 'Abbigail', 'Adams', 'ehessel@gmail.com', '$NUvCC'),
('20170357', 'Dawn', 'Mayer', 'gleichner.alden@gmail.com', '3c(FF\"r6y!8'),
('20170358', 'Aida', 'Stark', 'von.rey@pacocha.com', 'GCLoYOTGi\\'),
('20170359', 'Tyra', 'Casper', 'hegmann.tito@yahoo.com', 'dv1AmX/3PjhW)+{j}Z>1'),
('20170360', 'Van', 'Jaskolski', 'schamberger.darwin@jacobi.net', 'Ys409G'),
('20170361', 'Halie', 'Morissette', 'carlie56@hotmail.com', 'kIH9=/'),
('20170362', 'Twila', 'Shields', 'zechariah.wisoky@koch.com', 'e?|n*{3L(@zcAyi'),
('20170363', 'Sage', 'Kutch', 'zschmidt@yahoo.com', '4\\YyYR.>;{WK*UkN%D_'),
('20170364', 'Einar', 'Terry', 'wlemke@kutch.biz', '4UMGhALwj`r'),
('20170365', 'Nikolas', 'Parisian', 'nschiller@kris.org', '/7t4C=}Mk\'p\'r'),
('20170366', 'Derick', 'Moore', 'sibyl.okeefe@hotmail.com', '[Q.9,Mj%CpAaJG\\RV?:'),
('20170367', 'Leanna', 'Stroman', 'carolyne12@gmail.com', 'Or<82IjL:'),
('20170368', 'Lexie', 'Kling', 'ankunding.emma@pfannerstill.com', '3-M%#:qC_Ts'),
('20170369', 'Jonas', 'Doyle', 'zackary04@king.com', ')2/944hpbp'),
('20170370', 'Brant', 'Parisian', 'amann@hotmail.com', '-#m`x%4g>!'),
('20170371', 'Wilfred', 'Stracke', 'orlando97@jast.org', '.oDJqagKF[$O_-hpET'),
('20170372', 'Luther', 'Satterfield', 'verla22@romaguera.com', '-x{8n!'),
('20170373', 'Adrien', 'Hills', 'shields.reginald@gmail.com', 'Iq8_dqSrVT'),
('20170374', 'Valentine', 'Windler', 'zelma.rohan@yahoo.com', 'MA`YnbhZ%U'),
('20170375', 'Desiree', 'Grady', 'harris.kathleen@hotmail.com', 'G3[A7V88hfj'),
('20170376', 'Blaze', 'Rodriguez', 'pruecker@gmail.com', 'f\'y~K\'2'),
('20170377', 'Adolph', 'Zboncak', 'satterfield.brody@schamberger.com', '8\']+AgFU@B'),
('20170378', 'Valentine', 'Emard', 'bailee81@spencer.net', 'AZfeW<'),
('20170379', 'Linwood', 'Howell', 'donnelly.arlie@crist.com', '?z/Jo=\\_CkM6jLEpf'),
('20170380', 'Cathrine', 'Grant', 'ozella.medhurst@larkin.com', 'Yvbc/x(\'iWB<9[am'),
('20170381', 'Mozell', 'Lakin', 'vida13@zieme.com', 'q<h4{H73?'),
('20170382', 'Virgie', 'Nienow', 'jacobson.zena@gmail.com', 'ovf%\"!`kt\'(*+'),
('20170383', 'Elijah', 'Schamberger', 'madisen.schneider@ledner.com', 'Pv0=uJ8*}Jm?>y8aY'),
('20170384', 'Blanche', 'Glover', 'lesly81@brakus.com', 'J5-bhn1F'),
('20170385', 'Antonetta', 'Beier', 'kshlerin.beulah@lowe.com', 'NOT(m$7`pO_'),
('20170386', 'Stephon', 'Emmerich', 'tnolan@gmail.com', '\"y~m*PbU8HAXEhl6gmX'),
('20170387', 'Estrella', 'Kub', 'ghoppe@hotmail.com', 'SY%6r_}a-Dj_`'),
('20170388', 'Ruthie', 'Kerluke', 'lilly.hyatt@shanahan.com', 'sM_Y$~X}'),
('20170389', 'Bernice', 'Bruen', 'wintheiser.lucile@gmail.com', '9EaW~-=j:b:++o->iZY0'),
('20170390', 'Adalberto', 'Olson', 'reginald96@gmail.com', 'NQH~3>Im5'),
('20170391', 'Blair', 'Bashirian', 'prince05@hotmail.com', 'lo@sNd'),
('20170392', 'Henderson', 'Christiansen', 'scarlett74@kunze.info', 'j9#?:l6$U'),
('20170393', 'Reva', 'Mann', 'parker.kristoffer@schroeder.com', '~2/`R0nhA*YCT[c'),
('20170394', 'Leann', 'Bradtke', 'rocky85@gmail.com', '&\\}8ex*ib.H!JR@tVk'),
('20170395', 'Dewitt', 'Abshire', 'terry.rocio@gmail.com', 'ha,*VHc=7*+d}x[$<a-L'),
('20170396', 'Alene', 'Satterfield', 'barton.sydney@keebler.com', '(he9.%Kd8\"(Yj^b'),
('20170397', 'Shayna', 'Rippin', 'myrtie31@walsh.com', '2UndzN!'),
('20170398', 'Avery', 'Kirlin', 'zdicki@bernhard.biz', 'y1XMWe`h%rY/'),
('20170399', 'Damion', 'Kiehn', 'joanie.leffler@okon.com', '62oYI^B[.M_of~zsTi'),
('20170400', 'Dana', 'Moore', 'steuber.dewayne@gmail.com', 'oTJSS18fuKfr'),
('20170401', 'Ozella', 'Lind', 'raoul.medhurst@rath.net', 'exxz9\"\"Br/J$'),
('20170402', 'Mozelle', 'Jacobi', 'tyrel.mayert@kuhn.biz', '(~AHF)tB'),
('20170403', 'Annette', 'Leannon', 'ykozey@gmail.com', 'EW0f-\'XXI9JCOrFM1)f'),
('20170404', 'Eulah', 'Turner', 'lou64@jerde.net', 't:iym@5'),
('20170405', 'Damion', 'Little', 'lexie.white@gmail.com', 'g{t2ebIl/\"(/gN'),
('20170406', 'Dominique', 'Larson', 'sunny.hermiston@hotmail.com', 'AjH_9kk:h'),
('20170407', 'Carey', 'Mayer', 'ambrose.beier@gmail.com', 'QxB&SU6'),
('20170408', 'Patricia', 'Grady', 'francesco27@douglas.net', 'pP`3;y!Em%EL/h'),
('20170409', 'Vincent', 'Von', 'eusebio26@goyette.biz', '1wdtrgIx^'),
('20170410', 'Treva', 'Hoeger', 'king.unique@oreilly.com', '@%k&69&~Fu/'),
('20170411', 'Kaia', 'Denesik', 'sromaguera@hotmail.com', 'Z&Y$v5Z'),
('20170412', 'Velva', 'Schiller', 'johnston.salvatore@kemmer.com', '2!a8Zjcv[tZDg\'Zk-Jp'),
('20170413', 'Dolly', 'Robel', 'frances.ernser@abernathy.info', 'OPE4)otOgKsP'),
('20170414', 'Rosalind', 'Collins', 'edyth07@yahoo.com', '%40xGCyX]R=rUqa2'),
('20170415', 'Zita', 'Larkin', 'aroob@gmail.com', 'xhwU-\\qIR?y`*]{s'),
('20170416', 'Julianne', 'Hirthe', 'evalyn82@gmail.com', '|mb.m>qDFqSuw\\\"ZpR'),
('20170417', 'Katherine', 'Rowe', 'gutkowski.reynold@gmail.com', 'AAIZbPb('),
('20170418', 'Dameon', 'Ratke', 'gerlach.zelma@gmail.com', 'ZKzAfcg\\0`G`P'),
('20170419', 'Sylvia', 'Kshlerin', 'williamson.olga@cassin.com', 'I3I\"e}F&+rjit!8A'),
('20170420', 'Bryon', 'Bartoletti', 'krajcik.verlie@weissnat.org', 'VF!hh3a^-'),
('20170421', 'Demario', 'Barrows', 'anissa.strosin@yahoo.com', 'fc$*Yo\"GXNhdk<j^I;\''),
('20170422', 'Consuelo', 'Padberg', 'nicolas.adam@erdman.org', '#}xhgj}5u'),
('20170423', 'Celia', 'Kohler', 'makenzie.jacobson@tromp.info', 'ce<pN,*@LNbMz+!]OT8'),
('20170424', 'Glennie', 'Graham', 'sbayer@yahoo.com', '`\\9Ov@'),
('20170425', 'Marina', 'Lockman', 'lempi.wuckert@gmail.com', '^Zj5>F\"'),
('20170426', 'Calista', 'Beier', 'hegmann.reta@hotmail.com', 'l|xZ[zk.^'),
('20170427', 'Salma', 'Green', 'jennyfer.terry@hotmail.com', 'Vd4tc>mO0\"sDv'),
('20170428', 'Waino', 'Bogan', 'tyost@howe.biz', '*aT7GYM::*A-%[B\"N'),
('20170429', 'Kaleb', 'Towne', 'dayton98@hotmail.com', '\\.tCemDvUC'),
('20170430', 'Maudie', 'Schumm', 'francisca.thompson@gmail.com', 'B\\g<4B%MgxN,JJ/nao)e'),
('20170431', 'Brando', 'Weimann', 'fbecker@yahoo.com', '5g5j@bSK'),
('20170432', 'Kavon', 'Metz', 'aryanna.shanahan@gmail.com', 'd_]ZS,N,y?yNO'),
('20170433', 'Granville', 'Mills', 'yharris@yahoo.com', ']=(|jROaVpRn.]t'),
('20170434', 'Abbigail', 'Grant', 'hansen.myrna@yahoo.com', '!&{1R]%-S{a%V=|o;6p'),
('20170435', 'Davon', 'Jast', 'jadon.green@hotmail.com', 't/&>N_\\1+?'),
('20170436', 'Makenzie', 'Heller', 'jpollich@friesen.org', ')AE\\RJSe>;W:g'),
('20170437', 'Shayna', 'Kuhn', 'bogan.aniya@zieme.com', 'C8c=v*LPQ?*=S)b'),
('20170438', 'Omari', 'Reynolds', 'torphy.lily@turcotte.com', 'v\'WffaQ])jRFRd}EjF'),
('20170439', 'Trinity', 'Hills', 'fkshlerin@hoppe.biz', 'oMD#v\'F${zuM>Sb'),
('20170440', 'Janiya', 'Willms', 'rosanna95@yahoo.com', 'AR^vEyx'),
('20170441', 'Rusty', 'Kling', 'schmitt.norene@hotmail.com', '!;:M)(R>zWivb\"z'),
('20170442', 'Stephen', 'Keeling', 'hgislason@gmail.com', 'L[g5U+G]<tdh'),
('20170443', 'Fermin', 'Stoltenberg', 'qcormier@bashirian.info', 'Qze+AI%WDF`CN+'),
('20170444', 'Lance', 'Reichert', 'loren16@casper.com', '\'${H]XzdTgV4Lgy%b|m'),
('20170445', 'Lucius', 'Marks', 'kilback.leonora@yahoo.com', ',79.HD`>kv)<pGl]#'),
('20170446', 'Javon', 'Pollich', 'bernie.rosenbaum@gmail.com', 'm4pu;ZCdt<<Mr='),
('20170447', 'Anika', 'Keebler', 'jspinka@connelly.com', '<lS?ps'),
('20170448', 'Amiya', 'Batz', 'hadley16@heaney.biz', 'Vl,OWop(j\'tw\'3'),
('20170449', 'Imelda', 'King', 'bernard.koelpin@gmail.com', 'q4#OGc<&J6,C\\Mo2t'),
('20170450', 'Gisselle', 'Kling', 'prohaska.rex@gmail.com', 'R\"4-JF'),
('20170451', 'Jude', 'Blick', 'ellen.kling@shields.com', 'A\"O[Z3oX.p+p,h{NR1'),
('20170452', 'Madeline', 'Heidenreich', 'dickens.desmond@roob.com', '&<TnH%C&V`.D]\\\\[]'),
('20170453', 'Kendrick', 'Bruen', 'jazmyn.batz@aufderhar.com', '4)BUKvv6vljuhMXk{|<Y'),
('20170454', 'Virgie', 'Stanton', 'isai18@hotmail.com', '4~W)D02(u'),
('20170455', 'Zola', 'McDermott', 'howell.willie@smith.com', 'x>[GQv,T(:V(/t'),
('20170456', 'Jaylan', 'Medhurst', 'merl72@hotmail.com', '!l-K#DE\'*\"'),
('20170457', 'Gabrielle', 'Bogan', 'nzulauf@yahoo.com', 'u\"UC8$y_NoIz|Y2'),
('20170458', 'Christ', 'Baumbach', 'pfannerstill.trent@gmail.com', 'FCTxETw@\\'),
('20170459', 'Gwendolyn', 'Ratke', 'aimee44@kihn.com', 'FQ@U[l_&r6j$IU3}!r'),
('20170460', 'Arden', 'Bernhard', 'adrianna.runolfsdottir@gmail.com', 'Q.x_sHwE2'),
('20170461', 'Katarina', 'Stark', 'mccullough.amalia@oreilly.com', '`f8-G[bYxn|d;#9f'),
('20170462', 'Janiya', 'Shields', 'ybruen@hotmail.com', '[&(>\\1B~s*8:e'),
('20170463', 'Krista', 'Beahan', 'qmurazik@murphy.com', 'JIF0+qA03;nD'),
('20170464', 'Curtis', 'Romaguera', 'sporer.violet@gmail.com', 'z]Onp?KE2'),
('20170465', 'Issac', 'Dickinson', 'ibeer@schinner.com', '/XOmw\"B,y|{kS6<`>-i-'),
('20170466', 'Gudrun', 'Block', 'verona.bednar@mosciski.com', 'c)rBkJorsHR_]Z'),
('20170467', 'Haven', 'Harvey', 'ibeer@yahoo.com', ';Sb.rI]U*Nfh'),
('20170468', 'Marguerite', 'Miller', 'eichmann.kenna@macejkovic.info', 'T,46P<dX1O_5%ga)$'),
('20170469', 'Asa', 'Abshire', 'szboncak@jakubowski.com', '&69}YKdI\\>yf2JKK7'),
('20170470', 'Elmo', 'Farrell', 'dfunk@yahoo.com', '[HJuxyi,vr\\U,Nb'),
('20170471', 'Alfredo', 'Davis', 'fritsch.aiyana@luettgen.org', '2%Lj=Qr^'),
('20170472', 'Garrison', 'Pouros', 'kenton.murphy@schimmel.org', '2,Zg*5}%^bh9J//n'),
('20170473', 'Jorge', 'Toy', 'rafaela.smith@walter.com', 'j9vv;$Z9Q5'),
('20170474', 'Lawrence', 'Schamberger', 'zemlak.jalon@hotmail.com', 'e&On|TQQOQZIF<rYEF'),
('20170475', 'Tina', 'Schroeder', 'morissette.darryl@gaylord.biz', '\"hd-PAhur\''),
('20170476', 'Chester', 'Price', 'ericka53@dubuque.com', 'GN][\'QdP|44}]x{Y'),
('20170477', 'Josefa', 'Harvey', 'bernhard.marjory@yahoo.com', 'VlVIc7W'),
('20170478', 'Rosalind', 'Hoeger', 'yschroeder@gleichner.com', '>\\Pa}mzgO~E/'),
('20170479', 'Wilfredo', 'Murazik', 'yabernathy@gmail.com', 'P#x{iGexMAA{g~x.-O?'),
('20170480', 'Jude', 'VonRueden', 'turner.dejuan@altenwerth.info', '!#ZMXd`n!V0q_upYXDGW'),
('20170481', 'Donna', 'Kozey', 'jasmin.ebert@gmail.com', 'K}(=^^ZJ4\',\"'),
('20170482', 'Dayne', 'Bechtelar', 'toy.moen@hagenes.com', 'To=78X_sTI9s;7helGL'),
('20170483', 'Braden', 'Kulas', 'wlangosh@gmail.com', '_8h\"FM(s!uG]@<0vs]H'),
('20170484', 'Brown', 'Bins', 'bechtelar.tristin@williamson.com', 'K=9I7c'),
('20170485', 'Glen', 'Romaguera', 'moen.tate@hotmail.com', 'x|Ew@>%~}G\\-7;(U74ab'),
('20170486', 'Ara', 'Eichmann', 'josie.mueller@mccullough.com', '\\OW/wvYUp@S'),
('20170487', 'Anabelle', 'Terry', 'jamaal.bergstrom@yahoo.com', 'yQWSwe6~(^@D#)@4e-e='),
('20170488', 'Helmer', 'Johnson', 'farrell.talia@yahoo.com', 'n0y3d!7nTs+'),
('20170489', 'Aisha', 'Heaney', 'skiles.gabriel@gmail.com', 'fZj&[{)'),
('20170490', 'Guadalupe', 'Bergnaum', 'langosh.valerie@gmail.com', 'sybiO!'),
('20170491', 'Joel', 'Grant', 'everardo.barton@gmail.com', 'D09JFh1C/]nU#9cWh#4'),
('20170492', 'Hiram', 'Block', 'caleb.metz@parisian.com', '@s)9i}0_PRZ<'),
('20170493', 'Brad', 'Windler', 'kamille.conroy@hotmail.com', '#<4eeGcvS-}'),
('20170494', 'Broderick', 'Fritsch', 'cierra82@yahoo.com', 'OqCC0@M0C)'),
('20170495', 'Lavina', 'Blanda', 'pboyle@yahoo.com', 'gzX6]~Hlg-T[V?kbVD<'),
('20170496', 'Rashawn', 'Oberbrunner', 'mbreitenberg@hotmail.com', '&)tQ.=^ru7~\"Yd}%5'),
('20170497', 'Berneice', 'Gottlieb', 'roselyn66@yahoo.com', '0gBq\'kAJJ:natv['),
('20170498', 'Shaylee', 'Hackett', 'scot29@gmail.com', '!3>HaQE7,N<bo0M'),
('20170499', 'Camylle', 'Schiller', 'cleo33@gmail.com', '0!hauU_=oD8YMnyNy['),
('20170500', 'Trystan', 'Becker', 'marcelo20@yahoo.com', ']b<w__nKPc7isAN|'),
('20170501', 'Amr', 'Alaa', 'amrmorsh2468@gmail.com', '$2y$10$JK0wwASqBk1oJMDK4mai4um1arrxxVDRIyQIVt2m59asCYveYvUaW'),
('20170502', 'Mohamed', 'Ashour', 'mohamed@gmail.com', '$2y$10$nKP5LQFbfWyWXGUzg1ci0esdfnWxJGgXL/H3mnnbW.4KunwW/0SlO'),
('20170503', 'Hassan', 'Hany', 'hassan@gmail.com', '$2y$10$dE74ARNhuVZBZbyRnCZ0M.LzeoZKIPkYllxPk4kN5BZel4Hl3fyfu');

-- --------------------------------------------------------

--
-- Table structure for table `trainingdata`
--

CREATE TABLE `trainingdata` (
  `id` int(11) NOT NULL,
  `quizzesAvg` float NOT NULL,
  `absence` int(11) NOT NULL,
  `final_grade` int(11) NOT NULL
) ENGINE=InnoDB DEFAULT CHARSET=utf8mb4 COLLATE=utf8mb4_0900_ai_ci;

--
-- Dumping data for table `trainingdata`
--

INSERT INTO `trainingdata` (`id`, `quizzesAvg`, `absence`, `final_grade`) VALUES
(1, 2.75, 4, 33),
(2, 5, 2, 33),
(3, 6.25, 6, 36),
(4, 7, 0, 42),
(5, 6, 0, 39),
(6, 6, 6, 39),
(7, 6.25, 0, 39),
(8, 5.75, 2, 39),
(9, 7.75, 0, 51),
(10, 6, 0, 39),
(11, 7, 2, 42),
(12, 5.5, 0, 39),
(13, 6.25, 0, 36),
(14, 6, 0, 39),
(15, 7, 0, 45),
(16, 8.5, 6, 51),
(17, 6.5, 5, 42),
(18, 6.75, 2, 42),
(19, 4, 2, 21),
(20, 6, 6, 36),
(21, 6.25, 0, 42),
(22, 5.75, 0, 36),
(23, 6.25, 0, 42),
(24, 5, 2, 30),
(25, 5.25, 2, 30),
(26, 5.25, 6, 36),
(27, 5.75, 6, 36),
(28, 5.5, 0, 33),
(29, 6, 2, 39),
(30, 5.75, 4, 36),
(31, 5.25, 0, 33),
(32, 7.5, 2, 45),
(33, 6.75, 0, 45),
(34, 6.25, 0, 36),
(35, 6, 4, 36),
(36, 5.5, 4, 33),
(37, 7, 0, 42),
(38, 6.5, 4, 39),
(39, 5.75, 2, 36),
(40, 6.75, 8, 36),
(41, 5.5, 8, 30),
(42, 5.25, 8, 33),
(43, 7.25, 0, 45),
(44, 4.75, 0, 30),
(45, 5.25, 6, 33),
(46, 5.25, 4, 33),
(47, 6.25, 6, 39),
(48, 8.5, 2, 51),
(49, 5.75, 4, 39),
(50, 6.25, 2, 36),
(51, 6.75, 0, 39),
(52, 7.5, 0, 48),
(53, 4.75, 4, 27),
(54, 6.25, 0, 36),
(55, 6.25, 0, 39),
(56, 6.25, 2, 36),
(57, 7.25, 0, 45),
(58, 7.5, 4, 48),
(59, 6.75, 0, 42),
(60, 7.75, 2, 48),
(61, 8.25, 0, 48),
(62, 5, 0, 48),
(63, 6.5, 0, 30),
(64, 6.75, 0, 39),
(65, 6.25, 0, 36),
(66, 7.75, 2, 48),
(67, 5.75, 0, 36),
(68, 4.75, 0, 30),
(69, 5.25, 0, 33),
(70, 7.5, 6, 45),
(71, 6, 2, 33),
(72, 5, 0, 30),
(73, 6, 2, 33),
(74, 6.5, 0, 42),
(75, 5.5, 4, 33),
(76, 5.5, 0, 33),
(77, 5.75, 0, 33),
(78, 6.5, 1, 39),
(79, 4.5, 0, 30),
(80, 5.75, 7, 33),
(81, 5.5, 0, 36),
(82, 4.75, 2, 27),
(83, 5.75, 4, 33),
(84, 6.25, 2, 39),
(85, 6.25, 2, 36),
(86, 5.75, 4, 36),
(87, 6, 6, 33),
(88, 7.5, 4, 45),
(89, 5.5, 6, 33),
(90, 4.5, 6, 30),
(91, 5, 2, 33),
(92, 6.75, 6, 39),
(93, 6.25, 0, 36),
(94, 6.75, 2, 42),
(95, 5.75, 2, 36),
(96, 6.5, 4, 39),
(97, 5, 6, 33),
(98, 6.25, 0, 36),
(99, 6.25, 4, 39),
(100, 6.25, 2, 39),
(101, 4.5, 12, 24),
(102, 8, 0, 48),
(103, 6.25, 2, 36),
(104, 5.25, 10, 30),
(105, 8, 0, 48),
(106, 5, 10, 30),
(107, 5, 4, 30),
(108, 6.75, 4, 42),
(109, 5.5, 5, 33),
(110, 7.5, 2, 42),
(111, 6.75, 4, 42),
(112, 5.5, 4, 33),
(113, 4.5, 7, 30),
(114, 8.75, 5, 54),
(115, 4.75, 4, 30),
(116, 7.5, 6, 42),
(117, 7.75, 4, 48),
(118, 7, 6, 45),
(119, 5.75, 5, 33),
(120, 6.75, 2, 42),
(121, 7, 0, 42),
(122, 6.75, 6, 39),
(123, 6.5, 2, 39),
(124, 6.25, 4, 39),
(125, 5.75, 0, 33),
(126, 4.5, 2, 27),
(127, 5.25, 0, 33),
(128, 4.75, 0, 33),
(129, 7, 5, 45),
(130, 6.25, 4, 39),
(131, 5.25, 0, 36),
(132, 4.75, 10, 24),
(133, 5.25, 8, 33),
(134, 5.75, 6, 39),
(135, 6.25, 2, 36),
(136, 7, 5, 42),
(137, 4.5, 4, 33),
(138, 6, 8, 33),
(139, 5.75, 2, 33),
(140, 6.75, 4, 45),
(141, 4.75, 2, 30),
(142, 6.75, 0, 39),
(143, 5.5, 2, 36),
(144, 5.75, 8, 33),
(145, 5.75, 8, 33),
(146, 4.5, 4, 30),
(147, 5, 0, 30),
(148, 6.75, 6, 42),
(149, 4.25, 2, 27),
(150, 5, 6, 33),
(151, 4.25, 14, 27),
(152, 7, 0, 39),
(153, 5.75, 4, 33),
(154, 6.5, 2, 39),
(155, 5.25, 4, 33),
(156, 4, 15, 18),
(157, 6, 0, 36),
(158, 5.25, 0, 30),
(159, 5.5, 2, 33),
(160, 6.25, 6, 39),
(161, 5.5, 6, 33),
(162, 4.5, 8, 24),
(163, 5.75, 0, 33),
(164, 5, 0, 0),
(165, 4.75, 6, 30),
(166, 6.5, 2, 39),
(167, 5, 6, 33),
(168, 6.5, 0, 39),
(169, 3.75, 0, 24),
(170, 4.25, 8, 30),
(171, 5.25, 6, 33),
(172, 5.5, 4, 33),
(173, 5, 0, 3),
(174, 4.25, 0, 30),
(175, 4, 8, 27),
(176, 3.25, 4, 24),
(177, 4.25, 2, 30),
(178, 4.25, 2, 24),
(179, 4, 0, 24),
(180, 3.75, 10, 24),
(181, 4.75, 0, 33),
(182, 8.5, 0, 54),
(183, 6, 0, 39),
(184, 8, 0, 51),
(185, 4.5, 4, 30),
(186, 8.25, 0, 54),
(187, 5, 0, 30),
(188, 6.75, 0, 39),
(189, 7, 0, 45),
(190, 5.25, 0, 33),
(191, 6.25, 0, 42),
(192, 5, 4, 30),
(193, 4.75, 8, 33),
(194, 5.5, 4, 39),
(195, 5.25, 4, 33),
(196, 5.75, 0, 39),
(197, 8.75, 0, 51),
(198, 6.75, 5, 42),
(199, 7.25, 5, 48),
(200, 6, 6, 42),
(201, 4.75, 0, 33),
(202, 6.75, 0, 48),
(203, 6.25, 8, 42),
(204, 4.5, 6, 30),
(205, 6, 6, 39),
(206, 5.75, 0, 36),
(207, 5.25, 6, 36),
(208, 5.25, 0, 30),
(209, 6.25, 0, 36),
(210, 7.25, 5, 48),
(211, 6.5, 4, 42),
(212, 5.25, 6, 36),
(213, 7.25, 3, 48),
(214, 5.25, 0, 33),
(215, 7, 2, 45),
(216, 5.75, 4, 36),
(217, 7.25, 0, 45),
(218, 6.5, 5, 39),
(219, 6.5, 6, 39),
(220, 4.25, 14, 24),
(221, 5.5, 2, 36),
(222, 7.25, 4, 45),
(223, 6.25, 2, 39),
(224, 5.75, 0, 36),
(225, 6, 4, 36),
(226, 6.25, 6, 36),
(227, 6.5, 0, 39),
(228, 5.75, 6, 33),
(229, 5.75, 6, 33),
(230, 7.5, 2, 45),
(231, 5, 8, 30),
(232, 5, 8, 30),
(233, 6.25, 4, 39),
(234, 6, 0, 39),
(235, 5.25, 0, 33),
(236, 6, 6, 36),
(237, 6.5, 0, 42),
(238, 4.75, 8, 30),
(239, 7.75, 4, 48),
(240, 4, 4, 24),
(241, 8.75, 2, 51),
(242, 5.25, 0, 33),
(243, 4.75, 2, 33),
(244, 7.5, 0, 48),
(245, 6.5, 0, 36),
(246, 6.25, 0, 39),
(247, 6.5, 0, 39),
(248, 6.5, 0, 42),
(249, 4.5, 2, 27),
(250, 6, 0, 36),
(251, 8, 0, 48),
(252, 4.75, 4, 30),
(253, 6.75, 0, 39),
(254, 5, 7, 30),
(255, 4.25, 15, 30),
(256, 3.75, 14, 21),
(257, 3.75, 14, 24),
(258, 4.5, 6, 27),
(259, 7, 4, 45),
(260, 5.25, 7, 30),
(261, 5.75, 4, 33),
(262, 6.5, 2, 39),
(263, 4.5, 12, 24),
(264, 3.75, 12, 24),
(265, 5, 8, 30),
(266, 7.25, 4, 45),
(267, 7.25, 4, 42),
(268, 7.5, 5, 45),
(269, 6, 0, 36),
(270, 7, 5, 45),
(271, 7.25, 4, 45),
(272, 5.5, 2, 36),
(273, 6.75, 2, 45),
(274, 5.5, 8, 33),
(275, 4.75, 10, 30),
(276, 5.5, 8, 33),
(277, 7.75, 7, 48),
(278, 5.25, 4, 33),
(279, 5.25, 2, 39),
(280, 3.75, 12, 15),
(281, 4.75, 8, 30),
(282, 5.75, 0, 33),
(283, 3.75, 8, 21),
(284, 5, 4, 30),
(285, 3.75, 4, 18),
(286, 6.75, 2, 36),
(287, 6, 0, 39),
(288, 4.75, 0, 30),
(289, 6, 2, 39),
(290, 7.25, 2, 51),
(291, 5, 0, 33),
(292, 5.25, 4, 33),
(293, 5.75, 2, 42),
(294, 5.75, 4, 42),
(295, 5.5, 4, 39),
(296, 6, 4, 42),
(297, 8, 2, 48),
(298, 4.75, 0, 30),
(299, 5.25, 2, 36),
(300, 5.5, 8, 36),
(301, 7.5, 2, 45),
(302, 5, 2, 33),
(303, 5.25, 2, 36),
(304, 6.75, 2, 39),
(305, 5.75, 0, 39),
(306, 4, 8, 27),
(307, 7.75, 6, 48),
(308, 5.5, 0, 42),
(309, 5.25, 6, 36),
(310, 5.5, 4, 42),
(311, 4.25, 8, 30),
(312, 5.75, 2, 36),
(313, 8, 3, 48),
(314, 6.5, 2, 39),
(315, 8.25, 2, 54),
(316, 7, 8, 45),
(317, 7.75, 6, 48),
(318, 6, 6, 36),
(319, 5.25, 8, 30),
(320, 5.75, 6, 36),
(321, 6.5, 2, 39),
(322, 7, 5, 45),
(323, 4.25, 0, 30),
(324, 5, 0, 30),
(325, 5, 7, 33),
(326, 5.5, 4, 30),
(327, 6.5, 2, 39),
(328, 8.5, 2, 54),
(329, 6.25, 0, 39),
(330, 6, 3, 42),
(331, 6.25, 3, 42),
(332, 6, 0, 36),
(333, 9, 0, 54),
(334, 6.5, 0, 42),
(335, 7.25, 0, 45),
(336, 8.5, 0, 51),
(337, 7.75, 2, 48),
(338, 8.75, 0, 54),
(339, 9.25, 0, 57),
(340, 7.25, 0, 45),
(341, 7.25, 0, 45),
(342, 6.75, 2, 39),
(343, 6.75, 0, 42),
(344, 8.25, 0, 51),
(345, 9, 0, 51),
(346, 7.25, 0, 45),
(347, 6.25, 0, 39),
(348, 3.5, 0, 24),
(349, 8, 0, 48),
(350, 9, 0, 54),
(351, 4.75, 0, 33),
(352, 7.25, 0, 45),
(353, 5, 0, 33),
(354, 5, 2, 33),
(355, 6, 2, 45),
(356, 5.75, 2, 42),
(357, 7.75, 2, 51),
(358, 7.25, 2, 51),
(359, 6, 4, 45),
(360, 7.5, 2, 51),
(361, 5.75, 7, 42),
(362, 5.25, 4, 30),
(363, 5.75, 0, 39),
(364, 5.75, 4, 42),
(365, 7.25, 2, 51),
(366, 7.25, 3, 51),
(367, 6, 0, 39),
(368, 5.75, 2, 42),
(369, 4.25, 2, 33),
(370, 5, 6, 33),
(371, 4, 2, 27),
(372, 5, 2, 30),
(373, 6.75, 4, 39),
(374, 5.5, 0, 30),
(375, 8.75, 0, 51),
(376, 7, 0, 45),
(377, 7, 0, 42),
(378, 6.75, 0, 39),
(379, 8.75, 0, 51),
(380, 5.25, 2, 30),
(381, 6.25, 0, 39),
(382, 7.25, 4, 45),
(383, 5.75, 2, 33),
(384, 5.5, 0, 36),
(385, 5.25, 0, 30),
(386, 4.75, 2, 30),
(387, 7.5, 0, 45),
(388, 7.25, 6, 45),
(389, 5.25, 6, 36),
(390, 4.75, 0, 36),
(391, 6.75, 6, 42),
(392, 6, 4, 42),
(393, 6.25, 0, 45),
(394, 7, 4, 45),
(395, 7, 0, 48),
(396, 6, 0, 39),
(397, 8, 6, 51),
(398, 5.5, 4, 42),
(399, 5.75, 0, 42),
(400, 7.5, 4, 51),
(401, 7.25, 4, 51),
(402, 6.75, 0, 42),
(403, 5.75, 0, 39),
(404, 6.75, 4, 45),
(405, 7, 4, 48),
(406, 5.25, 3, 33),
(407, 5.75, 6, 39),
(408, 5.25, 0, 36),
(409, 5, 4, 36),
(410, 6.75, 9, 45),
(411, 7.5, 0, 51),
(412, 6.75, 2, 45),
(413, 7.75, 0, 51),
(414, 4.75, 1, 30),
(415, 6.5, 8, 45),
(416, 4.75, 5, 33),
(417, 8.5, 1, 54),
(418, 7.75, 5, 51),
(419, 6.75, 3, 42),
(420, 4.5, 4, 33),
(421, 7.75, 10, 51),
(422, 4.5, 5, 30),
(423, 5.75, 4, 39),
(424, 5.25, 11, 33),
(425, 6, 0, 36),
(426, 5, 6, 30),
(427, 5, 4, 33),
(428, 8.25, 0, 51),
(429, 3.5, 0, 27),
(430, 5.25, 5, 33),
(431, 5.25, 0, 33),
(432, 5, 0, 30),
(433, 3, 0, 21),
(434, 6.75, 0, 42),
(435, 4.75, 4, 33),
(436, 5, 0, 30),
(437, 3.25, 4, 24),
(438, 5.75, 0, 36),
(439, 5.25, 2, 36),
(440, 7.5, 0, 48),
(441, 1.75, 0, 0),
(442, 4.25, 4, 27),
(443, 6.25, 0, 42),
(444, 4, 7, 24),
(445, 4.75, 4, 33),
(446, 4, 6, 27),
(447, 5.5, 0, 33),
(448, 4.5, 8, 27),
(449, 8, 6, 51),
(450, 6, 3, 39),
(451, 7.5, 2, 45),
(452, 5.25, 0, 33),
(453, 4.75, 4, 33),
(454, 4.5, 0, 24),
(455, 4.25, 3, 24),
(456, 4.75, 0, 27),
(457, 6.75, 0, 45),
(458, 5.25, 4, 33),
(459, 5.75, 0, 39),
(460, 4.75, 2, 30),
(461, 5.25, 1, 33),
(462, 6.25, 0, 42),
(463, 6.75, 0, 42),
(464, 6.25, 2, 36),
(465, 5.5, 6, 33),
(466, 4.25, 9, 24),
(467, 4.75, 0, 33),
(468, 6.75, 1, 42),
(469, 6.25, 1, 39),
(470, 6.25, 0, 39),
(471, 6.25, 4, 36),
(472, 5.75, 2, 36),
(473, 7, 0, 48),
(474, 4.5, 4, 30),
(475, 5.25, 2, 33),
(476, 6.25, 0, 42),
(477, 4.5, 2, 24),
(478, 5.5, 9, 33),
(479, 3.5, 0, 24),
(480, 4.5, 4, 30),
(481, 4.5, 0, 30),
(482, 4.75, 2, 33),
(483, 4.75, 0, 27),
(484, 4.75, 1, 33),
(485, 3.5, 6, 24),
(486, 5.25, 0, 33),
(487, 4.75, 1, 30),
(488, 4, 6, 30),
(489, 4, 6, 27),
(490, 4.25, 0, 30),
(491, 5, 4, 30),
(492, 3.75, 6, 27),
(493, 4.5, 2, 30),
(494, 4.5, 5, 30),
(495, 4.25, 0, 27),
(496, 6.75, 0, 39),
(497, 7, 2, 42),
(498, 5.25, 0, 30),
(499, 6.75, 0, 42),
(500, 8.25, 0, 48),
(501, 3.25, 12, 21),
(502, 6.5, 8, 39),
(503, 4.5, 2, 27),
(504, 7, 0, 42),
(505, 6.25, 0, 39),
(506, 5.5, 0, 33),
(507, 5, 8, 30),
(508, 5.5, 0, 30),
(509, 4.75, 0, 27),
(510, 8.25, 0, 54),
(511, 8, 0, 51),
(512, 5, 1, 30),
(513, 3.5, 9, 21),
(514, 3.5, 0, 24),
(515, 3.25, 2, 21),
(516, 4.25, 8, 30),
(517, 7.5, 0, 48),
(518, 7, 0, 45),
(519, 3.25, 8, 24),
(520, 3.75, 0, 0),
(521, 3.5, 6, 24),
(522, 4.5, 0, 30),
(523, 4, 4, 24),
(524, 2.75, 2, 18),
(525, 4, 2, 24),
(526, 7.25, 0, 48),
(527, 6.75, 1, 42),
(528, 4.75, 0, 30),
(529, 4.5, 5, 27),
(530, 5.5, 1, 33),
(531, 4.25, 8, 27),
(532, 5, 0, 30),
(533, 4, 2, 24),
(534, 7.25, 0, 48),
(535, 5.75, 0, 36),
(536, 5, 3, 30),
(537, 6.75, 4, 42),
(538, 6.25, 5, 36),
(539, 5.5, 2, 33),
(540, 4.75, 5, 30),
(541, 5, 5, 33),
(542, 5, 0, 33),
(543, 5.25, 1, 36),
(544, 4.5, 2, 24),
(545, 5.75, 2, 36),
(546, 4.25, 4, 24),
(547, 7, 0, 48),
(548, 5.25, 0, 33),
(549, 5.25, 2, 33),
(550, 8.75, 0, 54),
(551, 6.25, 0, 39),
(552, 6.75, 0, 39),
(553, 4.5, 2, 30),
(554, 5.5, 4, 36),
(555, 5.25, 3, 30),
(556, 6.75, 5, 39),
(557, 4.75, 4, 33),
(558, 4, 2, 30),
(559, 5.25, 0, 30),
(560, 6, 0, 39),
(561, 4.75, 0, 30),
(562, 4.75, 6, 30),
(563, 6, 0, 36),
(564, 1.75, 0, 0),
(565, 5, 2, 30),
(566, 5, 0, 27),
(567, 4, 2, 27),
(568, 1, 0, 0),
(569, 4.25, 4, 27),
(570, 3, 9, 24),
(571, 3.75, 6, 24),
(572, 4.25, 4, 27),
(573, 2.5, 6, 21),
(574, 4, 5, 30),
(575, 4.75, 6, 30),
(576, 5.25, 5, 30),
(577, 4.75, 6, 33),
(578, 4.75, 8, 33),
(579, 4.25, 4, 30),
(580, 4.75, 0, 27),
(581, 4.25, 4, 30),
(582, 3.5, 2, 24),
(583, 3.5, 0, 21),
(584, 3.5, 0, 0),
(585, 5.25, 0, 33),
(586, 3.75, 5, 24),
(587, 4, 0, 0),
(588, 3.25, 3, 24),
(589, 4.5, 0, 27),
(590, 4.25, 0, 30),
(591, 3.75, 3, 21),
(592, 6.25, 2, 42),
(593, 5.75, 0, 39),
(594, 6.25, 0, 42),
(595, 9, 0, 54),
(596, 8.5, 3, 51),
(597, 8.75, 0, 54),
(598, 2.25, 0, 0),
(599, 5.25, 4, 33),
(600, 6.25, 5, 42),
(601, 6.25, 4, 42),
(602, 4, 4, 30),
(603, 5.75, 0, 39),
(604, 1.25, 0, 0),
(605, 4.75, 2, 30),
(606, 1.25, 0, 0),
(607, 9, 0, 54),
(608, 5.5, 5, 36),
(609, 4.5, 2, 33),
(610, 5.5, 0, 36),
(611, 2, 0, 0),
(612, 7, 5, 45),
(613, 5.25, 4, 33),
(614, 5, 0, 30),
(615, 6, 2, 36),
(616, 7.25, 0, 45),
(617, 6.75, 2, 42),
(618, 9, 0, 54),
(619, 7.75, 0, 45),
(620, 6.25, 6, 39),
(621, 7.25, 4, 45),
(622, 6.5, 0, 39),
(623, 4.5, 0, 27),
(624, 7.75, 0, 48),
(625, 4, 0, 27),
(626, 5, 0, 30),
(627, 3, 0, 0),
(628, 4.75, 3, 30),
(629, 5.25, 8, 36),
(630, 3.75, 4, 27),
(631, 8, 0, 51),
(632, 5.25, 4, 36),
(633, 3.75, 4, 27),
(634, 6.75, 1, 42),
(635, 8, 1, 48),
(636, 4.25, 5, 27),
(637, 8.75, 4, 57),
(638, 3.5, 0, 0),
(639, 7.25, 4, 48),
(640, 3.25, 0, 0),
(641, 3.5, 0, 0),
(642, 7.75, 0, 45),
(643, 3.75, 0, 33),
(644, 4, 4, 30),
(645, 5.25, 4, 30),
(646, 7.5, 4, 48),
(647, 5.75, 6, 27),
(648, 5, 6, 30),
(649, 6.25, 4, 35);

-- --------------------------------------------------------

--
-- Table structure for table `trainingset`
--

CREATE TABLE `trainingset` (
  `student_id` int(11) NOT NULL,
  `performance` varchar(10) NOT NULL,
  `attendance` varchar(10) NOT NULL,
  `fail/pass` varchar(10) NOT NULL
) ENGINE=InnoDB DEFAULT CHARSET=utf8mb4 COLLATE=utf8mb4_0900_ai_ci;

--
-- Dumping data for table `trainingset`
--

INSERT INTO `trainingset` (`student_id`, `performance`, `attendance`, `fail/pass`) VALUES
(20170001, 'A', 'regular', 'Pass'),
(20170002, 'A', 'regular', 'Pass'),
(20170003, 'A', 'regular', 'Pass'),
(20170004, 'A', 'regular', 'Pass'),
(20170005, 'A', 'regular', 'Pass'),
(20170006, 'A', 'regular', 'Pass'),
(20170007, 'A', 'regular', 'Pass'),
(20170008, 'A', 'regular', 'Pass'),
(20170009, 'A', 'regular', 'Pass'),
(20170010, 'B', 'regular', 'Pass'),
(20170011, 'B', 'regular', 'Pass'),
(20170012, 'B', 'regular', 'Pass'),
(20170013, 'B', 'regular', 'Pass'),
(20170014, 'B', 'regular', 'Pass'),
(20170015, 'B', 'regular', 'Pass'),
(20170016, 'B', 'regular', 'Pass'),
(20170017, 'B', 'regular', 'Pass'),
(20170018, 'B', 'regular', 'Pass'),
(20170019, 'B', 'regular', 'Pass'),
(20170020, 'B', 'regular', 'Pass'),
(20170021, 'C', 'regular', 'Pass'),
(20170022, 'C', 'regular', 'Pass'),
(20170023, 'C', 'regular', 'Pass'),
(20170024, 'C', 'regular', 'Pass'),
(20170025, 'C', 'regular', 'Pass'),
(20170026, 'C', 'regular', 'Pass'),
(20170027, 'C', 'regular', 'Pass'),
(20170028, 'C', 'regular', 'Pass'),
(20170029, 'C', 'regular', 'Pass'),
(20170030, 'C', 'regular', 'Pass'),
(20170031, 'C', 'regular', 'Pass'),
(20170032, 'C', 'regular', 'Pass'),
(20170033, 'C', 'regular', 'Pass'),
(20170034, 'D', 'regular', 'Pass'),
(20170035, 'D', 'regular', 'Pass'),
(20170036, 'D', 'regular', 'Pass'),
(20170037, 'D', 'regular', 'Pass'),
(20170038, 'D', 'regular', 'Pass'),
(20170039, 'D', 'regular', 'Pass'),
(20170040, 'D', 'regular', 'Pass'),
(20170041, 'D', 'regular', 'Pass'),
(20170042, 'D', 'regular', 'Pass'),
(20170043, 'D', 'regular', 'Pass'),
(20170044, 'D', 'regular', 'Pass'),
(20170045, 'D', 'regular', 'Pass'),
(20170046, 'D', 'regular', 'Pass'),
(20170047, 'D', 'regular', 'Pass'),
(20170048, 'D', 'regular', 'Pass'),
(20170049, 'F', 'regular', 'Fail'),
(20170050, 'F', 'regular', 'Fail'),
(20170051, 'F', 'regular', 'Fail'),
(20170052, 'F', 'regular', 'Fail'),
(20170053, 'F', 'regular', 'Fail'),
(20170054, 'B', 'regular', 'Pass'),
(20170055, 'B', 'regular', 'Pass'),
(20170056, 'B', 'regular', 'Pass'),
(20170057, 'B', 'regular', 'Pass'),
(20170058, 'B', 'regular', 'Pass'),
(20170059, 'B', 'regular', 'Pass'),
(20170060, 'B', 'regular', 'Pass'),
(20170061, 'B', 'regular', 'Pass'),
(20170062, 'B', 'regular', 'Pass'),
(20170063, 'B', 'regular', 'Pass'),
(20170064, 'B', 'regular', 'Pass'),
(20170065, 'B', 'regular', 'Pass'),
(20170066, 'B', 'regular', 'Pass'),
(20170067, 'B', 'regular', 'Pass'),
(20170068, 'B', 'regular', 'Pass'),
(20170069, 'B', 'regular', 'Pass'),
(20170070, 'B', 'regular', 'Pass'),
(20170071, 'C', 'regular', 'Pass'),
(20170072, 'C', 'regular', 'Pass'),
(20170073, 'C', 'regular', 'Pass'),
(20170074, 'C', 'regular', 'Pass'),
(20170075, 'C', 'regular', 'Pass'),
(20170076, 'C', 'regular', 'Pass'),
(20170077, 'C', 'regular', 'Pass'),
(20170078, 'C', 'regular', 'Pass'),
(20170079, 'C', 'irregular', 'Fail'),
(20170080, 'C', 'irregular', 'Fail'),
(20170081, 'A', 'irregular', 'Pass'),
(20170082, 'A', 'irregular', 'Pass'),
(20170083, 'A', 'irregular', 'Pass'),
(20170084, 'A', 'irregular', 'Pass'),
(20170085, 'A', 'irregular', 'Pass'),
(20170086, 'A', 'irregular', 'Pass'),
(20170087, 'A', 'irregular', 'Pass'),
(20170088, 'A', 'irregular', 'Pass'),
(20170089, 'A', 'irregular', 'Pass'),
(20170090, 'D', 'irregular', 'Fail'),
(20170091, 'D', 'irregular', 'Fail'),
(20170092, 'D', 'irregular', 'Fail'),
(20170093, 'D', 'irregular', 'Fail'),
(20170094, 'D', 'irregular', 'Fail'),
(20170095, 'D', 'irregular', 'Fail'),
(20170096, 'F', 'irregular', 'Fail'),
(20170097, 'F', 'irregular', 'Fail'),
(20170098, 'F', 'irregular', 'Fail'),
(20170099, 'F', 'irregular', 'Fail'),
(20170100, 'F', 'irregular', 'Fail');

--
-- Indexes for dumped tables
--

--
-- Indexes for table `announce`
--
ALTER TABLE `announce`
  ADD PRIMARY KEY (`id`),
  ADD KEY `course_id` (`course_id`);

--
-- Indexes for table `answers`
--
ALTER TABLE `answers`
  ADD PRIMARY KEY (`id`),
  ADD KEY `answers_ibfk_1` (`question_id`);

--
-- Indexes for table `attendence`
--
ALTER TABLE `attendence`
  ADD PRIMARY KEY (`id`),
  ADD KEY `course_id` (`course_id`),
  ADD KEY `student_id` (`student_id`),
  ADD KEY `session_id` (`session_id`);

--
-- Indexes for table `courses`
--
ALTER TABLE `courses`
  ADD PRIMARY KEY (`course_id`);

--
-- Indexes for table `grades`
--
ALTER TABLE `grades`
  ADD PRIMARY KEY (`student_id`,`course_id`,`quiz_id`);

--
-- Indexes for table `instructorcourses`
--
ALTER TABLE `instructorcourses`
  ADD PRIMARY KEY (`id`),
  ADD KEY `course_id` (`course_id`),
  ADD KEY `instructor_id` (`instructor_id`);

--
-- Indexes for table `instructors`
--
ALTER TABLE `instructors`
  ADD PRIMARY KEY (`id`);

--
-- Indexes for table `quiz`
--
ALTER TABLE `quiz`
  ADD PRIMARY KEY (`id`),
  ADD KEY `quiz_ibfk_1` (`courseID`);

--
-- Indexes for table `quizquestions`
--
ALTER TABLE `quizquestions`
  ADD PRIMARY KEY (`id`),
  ADD KEY `quizquestions_ibfk_1` (`quiz_id`);

--
-- Indexes for table `sessions`
--
ALTER TABLE `sessions`
  ADD PRIMARY KEY (`session_id`),
  ADD KEY `course_id` (`course_id`);

--
-- Indexes for table `studentcourses`
--
ALTER TABLE `studentcourses`
  ADD PRIMARY KEY (`id`),
  ADD KEY `course_id` (`course_id`),
  ADD KEY `student_id` (`student_id`);

--
-- Indexes for table `studentresults`
--
ALTER TABLE `studentresults`
  ADD PRIMARY KEY (`id`);

--
-- Indexes for table `students`
--
ALTER TABLE `students`
  ADD PRIMARY KEY (`student_id`);

--
-- Indexes for table `trainingdata`
--
ALTER TABLE `trainingdata`
  ADD PRIMARY KEY (`id`);

--
-- Indexes for table `trainingset`
--
ALTER TABLE `trainingset`
  ADD PRIMARY KEY (`student_id`);

--
-- AUTO_INCREMENT for dumped tables
--

--
-- AUTO_INCREMENT for table `announce`
--
ALTER TABLE `announce`
  MODIFY `id` int(11) NOT NULL AUTO_INCREMENT, AUTO_INCREMENT=25;

--
-- AUTO_INCREMENT for table `answers`
--
ALTER TABLE `answers`
  MODIFY `id` int(11) NOT NULL AUTO_INCREMENT, AUTO_INCREMENT=779;

--
-- AUTO_INCREMENT for table `attendence`
--
ALTER TABLE `attendence`
  MODIFY `id` int(11) NOT NULL AUTO_INCREMENT, AUTO_INCREMENT=1425;

--
-- AUTO_INCREMENT for table `instructorcourses`
--
ALTER TABLE `instructorcourses`
  MODIFY `id` int(11) NOT NULL AUTO_INCREMENT, AUTO_INCREMENT=26;

--
-- AUTO_INCREMENT for table `instructors`
--
ALTER TABLE `instructors`
  MODIFY `id` int(11) NOT NULL AUTO_INCREMENT, AUTO_INCREMENT=20170241;

--
-- AUTO_INCREMENT for table `quiz`
--
ALTER TABLE `quiz`
  MODIFY `id` int(11) NOT NULL AUTO_INCREMENT, AUTO_INCREMENT=65;

--
-- AUTO_INCREMENT for table `quizquestions`
--
ALTER TABLE `quizquestions`
  MODIFY `id` int(11) NOT NULL AUTO_INCREMENT, AUTO_INCREMENT=85;

--
-- AUTO_INCREMENT for table `studentcourses`
--
ALTER TABLE `studentcourses`
  MODIFY `id` int(11) NOT NULL AUTO_INCREMENT, AUTO_INCREMENT=68;

--
-- AUTO_INCREMENT for table `studentresults`
--
ALTER TABLE `studentresults`
  MODIFY `id` int(11) NOT NULL AUTO_INCREMENT, AUTO_INCREMENT=1001;

--
-- AUTO_INCREMENT for table `trainingdata`
--
ALTER TABLE `trainingdata`
  MODIFY `id` int(11) NOT NULL AUTO_INCREMENT, AUTO_INCREMENT=796;

--
-- Constraints for dumped tables
--

--
-- Constraints for table `announce`
--
ALTER TABLE `announce`
  ADD CONSTRAINT `announce_ibfk_1` FOREIGN KEY (`course_id`) REFERENCES `courses` (`course_id`) ON DELETE CASCADE ON UPDATE CASCADE;

--
-- Constraints for table `answers`
--
ALTER TABLE `answers`
  ADD CONSTRAINT `answers_ibfk_1` FOREIGN KEY (`question_id`) REFERENCES `quizquestions` (`id`) ON DELETE CASCADE ON UPDATE CASCADE;

--
-- Constraints for table `attendence`
--
ALTER TABLE `attendence`
  ADD CONSTRAINT `attendence_ibfk_1` FOREIGN KEY (`course_id`) REFERENCES `courses` (`course_id`) ON DELETE CASCADE ON UPDATE CASCADE,
  ADD CONSTRAINT `attendence_ibfk_2` FOREIGN KEY (`student_id`) REFERENCES `students` (`student_id`) ON DELETE CASCADE ON UPDATE CASCADE,
  ADD CONSTRAINT `attendence_ibfk_3` FOREIGN KEY (`session_id`) REFERENCES `sessions` (`session_id`) ON DELETE CASCADE ON UPDATE CASCADE;

--
-- Constraints for table `instructorcourses`
--
ALTER TABLE `instructorcourses`
  ADD CONSTRAINT `instructorcourses_ibfk_1` FOREIGN KEY (`course_id`) REFERENCES `courses` (`course_id`) ON DELETE CASCADE ON UPDATE CASCADE,
  ADD CONSTRAINT `instructorcourses_ibfk_2` FOREIGN KEY (`instructor_id`) REFERENCES `instructors` (`id`);

--
-- Constraints for table `quizquestions`
--
ALTER TABLE `quizquestions`
  ADD CONSTRAINT `quizquestions_ibfk_1` FOREIGN KEY (`quiz_id`) REFERENCES `quiz` (`id`) ON DELETE CASCADE ON UPDATE CASCADE;

--
-- Constraints for table `sessions`
--
ALTER TABLE `sessions`
  ADD CONSTRAINT `sessions_ibfk_1` FOREIGN KEY (`course_id`) REFERENCES `courses` (`course_id`) ON DELETE CASCADE ON UPDATE CASCADE;

--
-- Constraints for table `studentcourses`
--
ALTER TABLE `studentcourses`
  ADD CONSTRAINT `studentcourses_ibfk_1` FOREIGN KEY (`course_id`) REFERENCES `courses` (`course_id`) ON DELETE CASCADE ON UPDATE CASCADE,
  ADD CONSTRAINT `studentcourses_ibfk_2` FOREIGN KEY (`student_id`) REFERENCES `students` (`student_id`) ON DELETE CASCADE ON UPDATE CASCADE;
COMMIT;

/*!40101 SET CHARACTER_SET_CLIENT=@OLD_CHARACTER_SET_CLIENT */;
/*!40101 SET CHARACTER_SET_RESULTS=@OLD_CHARACTER_SET_RESULTS */;
/*!40101 SET COLLATION_CONNECTION=@OLD_COLLATION_CONNECTION */;
